idx,name,eq,r2,mae
0,I.6.2a,(-1.83*x1 - 0.358*sin(1.943*x1) + 6.781)/(-1.524*x1 + exp(1.984*x1) + 13.381),0.9998975415761464,0.0007375595
1,I.6.2a,(0.139*x1 - 0.559*cos(1.811*x1) + 1.17)*exp(-1.778*x1) - 0.001,0.999944759488041,0.0005387018
2,I.6.2a,0.399*exp(-0.5*x1**2),0.9999999505299508,1.2321887e-05
3,I.6.2a,(1.374 - 0.544*x1)/(-1.535*x1 + exp(1.061*x1) + 2.326) + 0.016,0.999969830890814,0.00039887734
4,I.6.2a,(0.164*x1 - 0.443*cos(1.9*x1) + 1.043)*exp(-1.708*x1) - 0.003,0.9999674856800286,0.00041253094
5,I.6.2a,(1.014*cos(1.008*x1) + 1.35)/(2.161*x1**2 - 0.41*sin(0.85*x1**2) + 5.666) - 0.009,0.9999691491205523,0.0004035547
6,I.6.2a,0.399*exp(-0.5*x1**2),0.9999999505299508,1.2321887e-05
7,I.6.2a,(0.005*x1 - 0.833*cos(1.67*x1) + 1.501)*exp(-1.882*x1),0.9999991394480608,5.368459e-05
8,I.6.2a,1.286*x1*(3.492 - 1.133*x1)/(5.283*x1 + exp(1.973*x1) + 0.256) + 0.004,0.999969575608871,0.00040131205
9,I.6.2a,(0.668*cos(1.083*x1) + 1.154)/(-0.63*x1 + exp(1.159*x1) + 3.263) - 0.01,0.9999974458312288,0.00011594847
0,I.6.2,(0.762*x1 - 0.281*x2 - 0.001)/(2.016*x1**2 - 0.866*x1*x2 + 0.891*x2**2 - 0.062) + 0.002,0.9998566004993784,0.0003762158
1,I.6.2,(0.293*x1 - 0.168*x2 + 0.07)/(0.185*x2**2 + exp(0.763*x1) - 1.431) + 0.037,0.9972743521364912,0.0018210415
2,I.6.2,(0.884*x1 - 0.326*x2 - 0.001)/(2.338*x1**2 - 1.005*x1*x2 + 1.033*x2**2 - 0.071) + 0.002,0.9998647754857308,0.0003712503
3,I.6.2,(0.859*x1 - 0.309*x2 - 0.015)/(2.221*x1**2 - 0.914*x1*x2 + 0.966*x2**2 - 0.071),0.9997161966678482,0.00057872414
4,I.6.2,(0.287*x1 - 0.184*x2 + 0.098)/(0.192*x2**2 + exp(0.784*x1) - 1.43) + 0.045,0.9970876165255036,0.0018458593
5,I.6.2,0.065 + (0.426*log(0.362*x1) + 0.213*sin(1.297*x2) + 0.296)/(1.011*x1**2 + 1.554*x2 - 2.207),0.9974318326444646,0.0017386979
6,I.6.2,(0.703*x1 - 0.26*x2)/(1.861*x1**2 - 0.801*x1*x2 + 0.823*x2**2 - 0.056) + 0.002,0.9998330414838784,0.00040377476
7,I.6.2,(0.38*x1 - 0.27*x2 + 0.172)/(0.261*x2**2 + exp(0.902*x1) - 1.286) + 0.052,0.99692878790265,0.0019149585
8,I.6.2,(0.916*x1 - 0.342*x2 + 0.004)/(2.435*x1**2 - 1.048*x1*x2 + 1.073*x2**2 - 0.071) + 0.003,0.9998509774653704,0.00040821772
9,I.6.2,(0.367*x1 - 0.253*x2 + 0.157)/(exp(0.88*x1) + exp(0.416*x2) - 2.59) + 0.049,0.9965969570669136,0.0020195562
0,I.6.2b,(65.264*x1 - 22.272*x2 + 13.963*sin(0.73*x3) - 25.271)/(183.293*x1**2 - 74.776*x1*x2 + 2.991*x2**2 - 21.365) + 0.009,0.8584539940782991,0.017954705
1,I.6.2b,0.049 + (0.549*x2*log(0.495*x3) + 1.232)/(x3*(2.553*x1 - 0.148*x2 - 0.33)),0.9058619275648626,0.013308326
2,I.6.2b,0.037 + 0.435*x2*(1.493*x3 + 0.878*log(2.107*x3) - 0.51)/(x1*(2.601*x2**2 - 2.702*x2*x3 + 2.69*x3**2 - 0.731)),0.95508318542647,0.010686113
3,I.6.2b,0.077 + (0.345*x1*x2 - 0.292*x1*x3 - 0.672*x2**2 + 1.632*x2*x3 - 1.536*x2 - 2.941*x3 + 7.817)/(15.956*x1 - 3.09*x2 + 0.077),0.917607308765258,0.014852174
4,I.6.2b,(0.292*x2*x3 - 0.188*x2 + 0.071*x3 + 2.493)/(3.436*x1**2 + 0.895*x1*x2 + 2.107*x1*x3 + 8.273*x2**2 - 16.181*x2*x3 + 8.118*x3**2 + 0.071) + 0.071,0.9891105616777957,0.004701884
5,I.6.2b,0.037 + 0.31*x3*(0.568*x2 + 2.902*log(9.109*x2) - 0.839)/(x1*(4.431*x2**2 - 7.064*x2*x3 + 5.79*x3**2 + 2.998)),0.9588355763687336,0.010261994
6,I.6.2b,0.113 + 0.689*x2*x3*(0.753 - 0.201*x1)/(x1*(4.084*x2**2 - 6.828*x2*x3 + 4.153*x3**2 - 0.319)),0.9759831330040198,0.006304763
7,I.6.2b,0.903*x3*(0.634*x2 + 0.74*cos(0.894*x3) + 0.169)/(0.124*x1**2 + 2.447*x1*x2 + 0.372*x2**2 + 0.087) + 0.003,0.9052440699794024,0.013144156
8,I.6.2b,0.036 + 0.572*x3*(0.577*x2 + 1.102)/(x1*(2.258*x2**2 - 3.592*x2*x3 + 2.861*x3**2 + 1.362)),0.9607727335249776,0.009953662
9,I.6.2b,0.036 + 0.572*x3*(0.577*x2 + 1.102)/(x1*(2.258*x2**2 - 3.592*x2*x3 + 2.861*x3**2 + 1.362)),0.9607727335249776,0.009953662
0,I.8.14,2.445*cos(1.194*x1)*cos(0.361*x1 + 1.071*x2 + 2.422) + 1.089*cos(1.668*x1 + 1.099*x2 - 1.111) + 2.26,0.6526514594085766,0.4652481
1,I.8.14,0.585*cos(1.073*x1) + 10.484*cos(1.024*x2) + 8.305*cos(0.075*x1 + 1.15*x2 + 2.511) + 4.104,0.6166369091743191,0.47336197
2,I.8.14,0.664*sin(1.389*x1)**2 + 1.183*cos(1.102*x2 + 1.615*sin(0.847*x1) - 0.749) + 1.877,0.6572595217039081,0.47434407
3,I.8.14,0.595*cos(1.055*x1) + 11.017*cos(1.02*x2) + 8.753*cos(0.071*x1 + 1.144*x2 + 2.523) + 4.199,0.6168341235643673,0.4722866
4,I.8.14,1.309*x1 - 1.133*x2*log(0.978*x1) + 1.242*x2 + 0.91*cos(1.03*x2) - 1.903,0.567607562813494,0.4919519
5,I.8.14,0.604*cos(1.065*x1) + 8.363*cos(1.025*x2) + 6.252*cos(0.098*x1 + 1.187*x2 + 2.322) + 4.062,0.6158197898230021,0.4741741
6,I.8.14,2.443*cos(1.195*x1)*cos(0.362*x1 + 1.071*x2 + 2.421) + 1.088*cos(1.67*x1 + 1.1*x2 - 1.115) + 2.259,0.6526552496351017,0.46500328
7,I.8.14,0.792*x1*sin(0.878*x2) - 3.71*sin(0.75*x2) + 2.909 - 0.778/x4 + 1.414*x3/(x1*x4),0.6341304901471292,0.46773598
8,I.8.14,2.445*cos(1.195*x1)*cos(0.361*x1 + 1.071*x2 + 2.42) + 1.089*cos(1.669*x1 + 1.1*x2 - 1.114) + 2.26,0.6526502650314312,0.4654657
9,I.8.14,1.562 + (0.323*x1*x2*sin(1.562*x1) - 2.064*x1*sin(1.562*x1) + 3.887*x2**2*sin(0.713*x1) - 20.065*x2*sin(0.653*x1) + 1.562*x2 + 15.899)/(0.076*x1 + 1.562*x2 + 1.949),0.6443576589889778,0.4634465
0,I.10.7,0.051 + (-1.301*x1*x2 + 1.432*x1*x3 + 0.086*x2**2 - 0.048*x2*x3 - 0.084)/(-1.573*x2 + 1.458*x3 + 0.03),0.9999839541920328,0.0038629305
1,I.10.7,1.158*x1*(0.369*x2**2*cos(0.843/x3) - 0.668*x2*x3*cos(1.764/x3) + 1.151*x3**2 - 0.315)/(x3*(-0.821*x2 + 1.332*x3 - 0.001)) - 0.001,0.9999930984549016,0.002292068
2,I.10.7,0.537 + (-1.213*x1*x2 + 1.266*x1*x3 + 0.084*x2**2 + 0.486*x2 - 0.694*x3 + 0.239)/(-1.433*x2 + 1.286*x3 + 0.019),0.999978337332931,0.0041208076
3,I.10.7,0.901 + (-1.304*x1*x2 + 1.363*x1*x3 + 0.081*x2**2 + 1.114*x2 - 1.249*x3 + 0.223)/(-1.54*x2 + 1.384*x3 + 0.018),0.9999755867497748,0.004710108
4,I.10.7,-0.196 + (-0.833*x1*x2 + 0.864*x1*x3 - 0.204*x2 + 0.17*x3 + 0.033)/(-0.981*x2 + 0.878*x3 + 0.012),0.9999604296976212,0.0047629178
5,I.10.7,1.869*x1*(-1.368*x2 + 1.1*x3 + 0.645)/(-2.888*x2 + 2.095*x3 + 1.148),0.999973690599254,0.0044106008
6,I.10.7,(-2.326*x1*x2**2 + 2.394*x1*x2*x3 + 1.077*x1*x3**2 + 0.002*x2**2 + 0.003)/(-3.408*x2**2 + 2.495*x2*x3 + 1.071*x3**2 + 0.004),0.9999994846631316,0.0006589508
7,I.10.7,0.992*x1*(1.411 - 1.029*x3**2)/(1.612*x2 - 1.02*x3**2 + 0.105) - 0.001,0.9999760621302792,0.0034753561
8,I.10.7,1.123*x1*(-1.032*x2**2 + 2.105*x2*x3 + 1.105*x3**2 - 4.529)/(-2.33*x2**2 + 2.451*x2*x3 + 1.232*x3**2 - 4.796) - 0.001,0.999991828765478,0.0024660146
9,I.10.7,0.205 + (-1.126*x1*x2 + 1.169*x1*x3 + 0.256*x2 - 0.247*x3 + 0.041)/(-1.327*x2 + 1.187*x3 + 0.016),0.9999781919698396,0.0041996203
0,I.11.19,x1*x4 + x2*x5 + x3*x6,0.9999999999999808,5.8174135e-07
1,I.11.19,x1*x4 + x2*x5 + x3*x6,0.9999999999999808,5.8174135e-07
2,I.11.19,x1*x4 + x2*x5 + x3*x6,0.9999999999999808,5.8174135e-07
3,I.11.19,x1*x4 + x2*x5 + x3*x6,0.9999999999999808,5.8174135e-07
4,I.11.19,x1*x4 + x2*x5 + x3*x6,0.9999999999999808,5.8174135e-07
5,I.11.19,x1*x4 + x2*x5 + x3*x6,0.9999999999999808,5.8174135e-07
6,I.11.19,x1*x4 + x2*x5 + x3*x6,0.9999999999999808,5.8174135e-07
7,I.11.19,x1*x4 + x2*x5 + x3*x6,0.9999999999999808,5.8174135e-07
8,I.11.19,x1*x4 + x2*x5 + x3*x6,0.9999999999999808,5.8174135e-07
9,I.11.19,x1*x4 + x2*x5 + x3*x6,0.9999999999999808,5.8174135e-07
0,I.12.1,x1*x2,0.9999999999999932,1.8835068e-07
1,I.12.1,x1*x2,0.9999999999999932,1.8835068e-07
2,I.12.1,x1*x2,0.9999999999999932,1.8835068e-07
3,I.12.1,x1*x2,0.9999999999999932,1.8835068e-07
4,I.12.1,x1*x2,0.9999999999999932,1.8835068e-07
5,I.12.1,x1*x2,0.9999999999999932,1.8835068e-07
6,I.12.1,x1*x2,0.9999999999999932,1.8835068e-07
7,I.12.1,x1*x2,0.9999999999999932,1.8835068e-07
8,I.12.1,x1*x2,0.9999999999999932,1.8835068e-07
9,I.12.1,x1*x2,0.9999999999999932,1.8835068e-07
0,I.12.2,0.08*x1*x2/(x3*x4**2),0.999960941545158,0.00027547844
1,I.12.2,-0.002 + (0.601*x2 - 0.148)/(x4**2*(-1.327*x1 + 2.024*x3 + 4.85)),0.9881919726051868,0.00603729
2,I.12.2,-0.002 + (0.635*x1 + 1.649*x2 - 2.339)/(x4**2*(-2.062*x1 + 5.826*x3 + 7.331)),0.9930833794848118,0.0044859257
3,I.12.2,0.08*x1*x2/(x3*x4**2),0.999960941545158,0.00027547844
4,I.12.2,0.079577524712111718*x1*x2/(x3*x4**2),0.9999999999994648,3.317371e-08
5,I.12.2,1.317*x1*x2/(x4**2*(-0.76*x1**2 + 2.863*x1*x3 + 1.525*x3**2 + 15.693)),0.9958576274292784,0.0030750416
6,I.12.2,-0.052 + 6.377*log(16.998*x1)*log(1.671*x2)/(x4*(-18.105*x1 + 32.158*x3 + 109.235)),0.8806157644582222,0.018089853
7,I.12.2,-0.004 + (12.112*log(0.041*x1 + 0.052*x2 + 2.114) - 9.78)/(x3*x4**2),0.9833382671841104,0.006371578
8,I.12.2,-0.002 + (0.599*x2 - 0.147)/(x4**2*(-1.323*x1 + 2.016*x3 + 4.833)),0.9881982038756888,0.006034985
9,I.12.2,-0.004 + 1.51*log(0.487*x1*x2)/(x4**2*(-0.246*x1 + 2.413*x3 + 0.969)),0.9778762210661396,0.0070260083
0,I.12.4,0.07957*x1/(x2*x3**2),0.9999999845571708,1.465407e-06
1,I.12.4,0.07958521053592814*x1/(x2*x3**2),0.9999999834302452,1.5180838e-06
2,I.12.4,0.07954*x1/(x2*x3**2),0.9999996115211642,7.349923e-06
3,I.12.4,0.08*x1/(x2*x3**2),0.999950606150496,8.28784e-05
4,I.12.4,0.07958127930428569*x1/(x2*x3**2),0.9999999959890068,7.469417e-07
5,I.12.4,0.07966*x1/(x2*x3**2),0.9999981156088168,1.6187923e-05
6,I.12.4,0.07954038484258751*x1/(x2*x3**2),0.99999961947433,7.2743615e-06
7,I.12.4,0.07958*x1/(x2*x3**2),0.9999999982310293,4.960585e-07
8,I.12.4,0.07956550108308283*x1/(x2*x3**2),0.999999960358965,2.3478817e-06
9,I.12.4,0.07943*x1/(x2*x3**2),0.9999939830018238,2.8926304e-05
0,I.12.5,x1*x2,0.9999999999999932,1.8835068e-07
1,I.12.5,x1*x2,0.9999999999999932,1.8835068e-07
2,I.12.5,x1*x2,0.9999999999999932,1.8835068e-07
3,I.12.5,x1*x2,0.9999999999999932,1.8835068e-07
4,I.12.5,x1*x2,0.9999999999999932,1.8835068e-07
5,I.12.5,x1*x2,0.9999999999999932,1.8835068e-07
6,I.12.5,x1*x2,0.9999999999999932,1.8835068e-07
7,I.12.5,x1*x2,0.9999999999999932,1.8835068e-07
8,I.12.5,x1*x2,0.9999999999999932,1.8835068e-07
9,I.12.5,x1*x2,0.9999999999999932,1.8835068e-07
0,I.12.11,0.975*x1*(0.924*x3*x4*sin(1.024*x5) + 0.265*x3*sin(1.056*x5) + 0.032*x4 + 2.923) + 1.255,0.9836142369842978,2.761974
1,I.12.11,0.961*x1*(0.937*x3*x4*sin(1.024*x5) + 0.271*x3*sin(1.056*x5) + 0.033*x4 + 2.959) + 1.268,0.9836141295234346,2.762222
2,I.12.11,0.566*x1*(1.686*x3*x4*sin(1.024*x5) - 65.128*x3*sin(0.002*x5) + 0.092*x4 + 5.845) + 1.21,0.9831141502666566,2.799841
3,I.12.11,0.961*x1*(0.937*x3*x4*sin(1.024*x5) + 0.271*x3*sin(1.056*x5) + 0.033*x4 + 2.959) + 1.268,0.9836141295234346,2.762222
4,I.12.11,0.975*x1*(0.924*x3*x4*sin(1.024*x5) + 0.265*x3*sin(1.056*x5) + 0.032*x4 + 2.923) + 1.255,0.9836142369842978,2.761974
5,I.12.11,0.341*x1*(2.844*x3*x4*sin(1.037*x5) + 0.301*x3*sin(2.477*x5) + 0.321*x4 + 8.523) + 0.926,0.983222561776477,2.776804
6,I.12.11,0.978*x1*x3*x4*(1.144*x1*sin(0.113*x5) + 2.212*x4*sin(1.025*x5) - 0.865)/(-0.073*x1 + 2.472*x4 - 1.217) + 8.003,0.979838961647092,3.0224576
7,I.12.11,0.341*x1*(2.844*x3*x4*sin(1.037*x5) + 0.301*x3*sin(2.477*x5) + 0.321*x4 + 8.523) + 0.926,0.983222561776477,2.776804
8,I.12.11,0.859*x1*(1.048*x3*x4*sin(1.024*x5) + 0.303*x3*sin(1.057*x5) + 0.036*x4 + 3.308) + 1.27,0.983613477822076,2.7618792
9,I.12.11,0.948*x1*(0.95*x3*x4*sin(1.024*x5) + 0.274*x3*sin(1.057*x5) + 0.032*x4 + 3.001) + 1.263,0.9836132738572408,2.7615888
0,I.13.4,-0.049*x1**2 + 3.073*x1*x2 + 3.312*x1*x3 + 2.376*x1*x4 - 10.914*x1 + 1.761*x2**2 - 0.285*x2*x3 - 10.088*x2 + 0.333*x4**2 + 11.859,0.989324117612116,2.0937548
1,I.13.4,1.438*x1*(3.726*x2**3 + 1.889*x2**2*x3 + 2.063*x2**2*x4 - 18.434*x2**2 + 0.201*x2*x3*x4 - 0.068*x2*x4 + 17.418*x2 - 1.083*x4 - 6.013)/x2**2 + 1.438,0.9880419950780835,2.1164508
2,I.13.4,-0.129*x1**2 + 2.996*x1*x2 + 3.341*x1*x3 + 2.34*x1*x4 - 10.182*x1 + 1.674*x2**2 - 0.315*x2*x3 - 9.229*x2 + 0.348*x4**2 + 9.682,0.9892937560607944,2.094727
3,I.13.4,0.11*x1**2 + 3.192*x1*x2 + 2.569*x1*x3 + 2.898*x1*x4 - 11.323*x1 + 1.937*x2**2 + 0.119*x2*x4 - 12.644*x2 + 0.271*x3**2 + 15.265,0.9885931893653578,2.0630097
4,I.13.4,0.5*x1*x2**2 + 0.5*x1*x3**2 + 0.5*x1*x4**2,0.9999999999999823,1.835823e-06
5,I.13.4,0.5*x1*x2**2 + 0.5*x1*x3**2 + 0.5*x1*x4**2,0.9999999999999823,1.835823e-06
6,I.13.4,-0.018*x1**2 + 3.127*x1*x2 + 3.296*x1*x3 + 2.795*x1*x4 - 12.41*x1 + 1.794*x2**2 - 0.237*x2*x3 + 0.216*x2*x4 - 11.192*x2 + 16.002,0.9879539988833742,2.2109747
7,I.13.4,-0.02*x1**2 + 3.126*x1*x2 + 3.297*x1*x3 + 2.794*x1*x4 - 12.392*x1 + 1.795*x2**2 - 0.237*x2*x3 + 0.217*x2*x4 - 11.202*x2 + 15.981,0.9879540289890982,2.211226
8,I.13.4,0.83*x1*x2**2 - 2.133*x1*x2 + 2.461*x1*x3 + 2.031*x1*x4 + 1.246*x3**2 - 0.15*x3*x4 - 5.619*x3 + 3.293*x4 - 5.267,0.9885580613460944,1.9713115
9,I.13.4,0.5*x1*x2**2 + 0.5*x1*x3**2 + 0.5*x1*x4**2,0.9999999999999823,1.835823e-06
0,I.13.12,1.264*x2*x5*(-0.332*x4 + 1.083*log(0.986*x3) - 0.101)*log(0.978*x1) + 0.116,0.915856656591349,1.7135136
1,I.13.12,1.592 + 0.382*x5*(3.429*x1*x3 + 2.255*x1*sin(2.239*x4) - 7.454*x1 - 0.367*x3**2 + 6.294*x3*sin(1.193*x4) + 1.592*x3 - 6.071)/x3,0.8800920185538277,2.3717074
2,I.13.12,4.014*x1 - 3.319*x1*x4/x3 - 2.951*x4 + 3.995*x5 - 2.432 + 2.909*x4**2/x3 - 3.739*x4*x5/x3,0.8660582269057686,2.1297355
3,I.13.12,4.014*x1 - 3.319*x1*x4/x3 - 2.951*x4 + 3.995*x5 - 2.432 + 2.909*x4**2/x3 - 3.739*x4*x5/x3,0.8660582269057686,2.1297355
4,I.13.12,1.264*x2*x5*(-0.332*x4 + 1.083*log(0.986*x3) - 0.101)*log(0.978*x1) + 0.116,0.915856656591349,1.7135136
5,I.13.12,1.264*x2*x5*(-0.332*x4 + 1.083*log(0.986*x3) - 0.101)*log(0.978*x1) + 0.116,0.915856656591349,1.7135136
6,I.13.12,4.014*x1 - 3.319*x1*x4/x3 - 2.951*x4 + 3.995*x5 - 2.432 + 2.909*x4**2/x3 - 3.739*x4*x5/x3,0.8660582269057686,2.1297355
7,I.13.12,1.264*x2*x5*(-0.332*x4 + 1.083*log(0.986*x3) - 0.101)*log(0.978*x1) + 0.116,0.915856656591349,1.7135136
8,I.13.12,1.196*x2*x5*(-0.35*x4 + 1.145*log(x3) - 0.124)*log(0.977*x1) + 0.122,0.9158564022285236,1.7179899
9,I.13.12,4.014*x1 - 3.319*x1*x4/x3 - 2.951*x4 + 3.995*x5 - 2.432 + 2.909*x4**2/x3 - 3.739*x4*x5/x3,0.8660582269057686,2.1297355
0,I.14.3,x1*x2*x3 + log(1.0/x1) + log(x1),0.9999999999999888,9.894371e-07
1,I.14.3,x1*x2*x3 + log(1.0/x3) + log(x3),0.9999999999999888,9.894371e-07
2,I.14.3,x1*x2*x3 + log(1.0/x1) + log(x1),0.9999999999999888,9.894371e-07
3,I.14.3,x1*x2*x3 + log(1.0/x2) + log(x2),0.9999999999999888,9.894371e-07
4,I.14.3,x1*x2*x3 + log(1.0/x2) + log(x2),0.9999999999999888,9.894371e-07
5,I.14.3,x1*x2*x3 + log(1.0/x2) + log(x2),0.9999999999999888,9.894371e-07
6,I.14.3,x1*x2*x3 + log(1.0/x2) + log(x2),0.9999999999999888,9.894371e-07
7,I.14.3,x1*x2*x3 + log(1.0/x2) + log(x2),0.9999999999999888,9.894371e-07
8,I.14.3,x1*x2*x3 + log(1.0/x2) + log(x2),0.9999999999999888,9.894371e-07
9,I.14.3,x1*x2*x3 + log(1.0/x2) + log(x2),0.9999999999999888,9.894371e-07
0,I.14.4,0.499949007317709*x1*x2**2,0.9999999744513408,0.0015527117
1,I.14.4,0.518*x2*(0.986*x1**2*x2 + 0.993*x1*x2)/(1.021*x1 + 1.029),0.9999997495791494,0.004587586
2,I.14.4,0.5*x1*x2**2,0.9999999999999896,6.890297e-07
3,I.14.4,0.5*x1*x2**2,0.9999999999999896,6.890297e-07
4,I.14.4,0.5*x1*x2**2,0.9999999999999896,6.890297e-07
5,I.14.4,0.5*x1*x2**2,0.9999999999999896,6.890297e-07
6,I.14.4,0.5*x1*x2**2,0.9999999999999896,6.890297e-07
7,I.14.4,0.5*x1*x2**2,0.9999999999999896,6.890297e-07
8,I.14.4,0.5*x1*x2**2,0.9999999999999896,6.890297e-07
9,I.14.4,0.5*x1*x2**2,0.9999999999999896,6.890297e-07
0,I.15.3x,-0.104 + (-0.615*x1**2 + 0.601*x1*x2*x4 + 1.74*x1*x3 - 1.72*x2*x3*x4 + 2.567)/(-0.647*x1 + 1.723*x3 + 0.543),0.9996904733193998,0.019540943
1,I.15.3x,-0.104 + (-0.615*x1**2 + 0.601*x1*x2*x4 + 1.74*x1*x3 - 1.72*x2*x3*x4 + 2.567)/(-0.647*x1 + 1.723*x3 + 0.543),0.9996904733193998,0.019540943
2,I.15.3x,-0.104 + (-0.615*x1**2 + 0.601*x1*x2*x4 + 1.74*x1*x3 - 1.72*x2*x3*x4 + 2.567)/(-0.647*x1 + 1.723*x3 + 0.543),0.9996904733193998,0.019540943
3,I.15.3x,-0.079 + (-0.674*x1**2 + 0.673*x1*x2*x4 + 1.926*x1*x3 - 1.922*x2*x3*x4 + 2.48)/(-0.701*x1 + 1.908*x3 + 0.489),0.999685347784749,0.019731188
4,I.15.3x,-0.104 + (-0.615*x1**2 + 0.601*x1*x2*x4 + 1.74*x1*x3 - 1.72*x2*x3*x4 + 2.567)/(-0.647*x1 + 1.723*x3 + 0.543),0.9996904733193998,0.019540943
5,I.15.3x,-0.003 + (-1.207*x1*x2 + 1.107*x1*x3 + 1.198*x2**2*x4 - 1.109*x2*x3*x4 + 0.114)/(-1.362*x2 + 1.116*x3 + 0.03),0.9999504236172168,0.008086455
6,I.15.3x,-0.044 + (-0.451*x1**2*x2 + 0.489*x1*x2**2*x4 + 1.597*x1*x2*x3 - 1.594*x2**2*x3*x4 - 1.839)/(x2*(-0.375*x1 + 1.594*x3 - 0.931)),0.9997315018310148,0.01713202
7,I.15.3x,-0.104 + (-0.615*x1**2 + 0.601*x1*x2*x4 + 1.74*x1*x3 - 1.72*x2*x3*x4 + 2.567)/(-0.647*x1 + 1.723*x3 + 0.543),0.9996904733193998,0.019540943
8,I.15.3x,-0.006 + (1.024*x1*x3 - 2.56*x1 - 1.009*x2*x3*x4 + 2.669*x2*x4 - 0.574)/(1.033*x3 - 2.755),0.999404611458116,0.025532776
9,I.15.3x,-0.002 + (-1.085*x1*x2 + 0.995*x1*x3 + 1.076*x2**2*x4 - 0.997*x2*x3*x4 + 0.104)/(-1.225*x2 + 1.003*x3 + 0.028),0.9999514143762788,0.008046404
0,I.15.3t,0.116 + (-0.577*x1*x4 + 1.678*x2*x4 + 0.181*sin(1.103*x1) - 2.078)/(-0.5*x1 + 1.751*x2 - 1.0),0.9990770744909112,0.023827733
1,I.15.3t,0.144 + (-0.37*x1*x4 - 0.086*x1 + 1.229*x2*x4 + 0.218*x3 - 1.793)/(-0.311*x1 + 1.29*x2 - 0.791),0.9991564741947642,0.023374906
2,I.15.3t,0.162 + (-0.655*x1*x4 - 0.139*x1 + 2.169*x2*x4 - 0.041*x2 + 0.387*x3 - 3.151)/(-0.551*x1 + 2.278*x2 - 1.397),0.9991583479657272,0.02311404
3,I.15.3t,0.116 + (-0.489*x1*x4 + 1.417*x2*x4 + 0.149*sin(1.109*x1) - 1.752)/(-0.424*x1 + 1.478*x2 - 0.845),0.9990853831937188,0.023724286
4,I.15.3t,-0.033 + (-0.29*x1 + 1.446*x2*x4 + 0.096*x2 - 1.619*x3*x4 + 0.077*x3 - 0.387)/(1.463*x2 - 1.744*x3 - 0.111),0.9998707868970974,0.010884642
5,I.15.3t,0.052 + (1.078*x2*x4 - 1.076*x3*x4 + 0.341*sin(0.969*x1) - 0.881)/(1.095*x2 - 1.216*x3 - 0.049),0.9997818741895388,0.014502215
6,I.15.3t,0.117 + (-0.512*x1*x4 + 1.487*x2*x4 + 0.159*sin(1.112*x1) - 1.841)/(-0.444*x1 + 1.552*x2 - 0.886),0.9990784608876816,0.023768567
7,I.15.3t,1.423 + (-0.198*x1*x4 + 0.102*x1 + 1.049*x2*x4 - 1.44*x2 - 0.791*x4 + 0.948)/(-0.164*x1 + 1.087*x2 - 1.316),0.999078359398403,0.023235092
8,I.15.3t,0.117 + (-0.59*x1*x4 + 1.726*x2*x4 + 0.184*sin(1.107*x1) - 2.144)/(-0.512*x1 + 1.801*x2 - 1.032),0.9990857393198136,0.023716537
9,I.15.3t,0.117 + (-0.47*x1*x4 + 1.366*x2*x4 + 0.144*sin(1.108*x1) - 1.694)/(-0.408*x1 + 1.425*x2 - 0.816),0.9990856544395508,0.023700997
0,I.15.1,-1.902 + (-1.644*x1*x2**2 + 1.749*x1*x2*x3 - 3.786*x2 + 3.398*x3 + 0.089)/(-1.961*x2 + 1.782*x3 + 0.016),0.9999836075935988,0.0064936103
1,I.15.1,1.008*x1*x2*(0.286*x2**2 - 0.727*x2*x3 + 0.957*x3**2 - 0.006)/(x3*(-0.775*x2 + 0.968*x3 - 0.003)),0.9999994959717468,0.0009618008
2,I.15.1,-1.599 + (-1.655*x1*x2**2 + 1.762*x1*x2*x3 - 3.214*x2 + 2.877*x3 + 0.092)/(-1.975*x2 + 1.795*x3 + 0.018),0.999983609310089,0.0063822744
3,I.15.1,0.991*x1*x2*(0.015*x1*x3 - 1.265*x2*x3 + 0.865*x2 + 1.485*x3**2 - 0.574)/(x3*(0.01*x1 - 1.403*x2 + 1.486*x3 + 0.062)) + 0.01,0.9999909325384518,0.004391943
4,I.15.1,-0.083 + (-0.814*x1*x2**2 + 0.803*x1*x2*x3 + 0.12*x1*x2 - 0.104*x2 + 0.071*x3 + 0.039)/(-0.957*x2 + 0.819*x3 + 0.122),0.9999657611413952,0.007460579
5,I.15.1,-0.542 + (-0.648*x1*x2**2 + 0.689*x1*x2*x3 - 0.439*x2 + 0.384*x3 + 0.024)/(-0.773*x2 + 0.702*x3 + 0.006),0.99998199847232,0.0069592153
6,I.15.1,0.911*x1*x2*(1.428*x2**2 + 0.293*x2*x3 - 1.603*x2 + 1.128*x3**2 - 2.657)/(-0.002*x2**2 + 0.381*x2*x3 + 1.014*x3**2 - 3.337) - 0.002,0.9999847897339528,0.0060602296
7,I.15.1,1.001*x1*x2*(1.241 - 1.012*x3**2)/(1.653*x2 - 1.013*x3**2 - 0.103) + 0.002,0.9999850702962624,0.005019965
8,I.15.1,0.987*x1*x2*(-1.298*x2**3 + 2.952*x2*x3**2 + 1.053*x3**3)/(-2.692*x2**3 - 0.563*x2**2*x3 + 2.923*x2*x3**2 + 1.039*x3**3),0.9999998216962716,0.0007860112
9,I.15.1,1.351*x1*x2*(0.063*x1*x3 + 2.011*x2 + 1.128*x3**2 - 5.889)/(0.068*x1*x3 + 1.533*x3**2 - 5.387) + 0.017,0.999972103205844,0.006619251
0,I.16.6,1.998*x1**2*(1.165*x2 + 1.165*x3)/(2.328*x1**2 + 2.328*x2*x3),0.9999998741894698,0.00038752734
1,I.16.6,0.717 + (0.526*x2**2*log(0.717*x1)**2 + 1.282*x2*x3*log(0.936*x1)**2 - 0.157*x2 + 0.102*x3 + 0.323)/(x2*(0.571*x1 + 0.564*x3 - 1.265)),0.9670166811747648,0.16558756
2,I.16.6,0.126 + (2.395*x1*x2 + 2.041*x1*x3 + 0.126*x2**2 - 1.539*x2*x3 + 0.236*x3**2 + 0.069)/(1.256*x1 + 0.968*x2 + 0.838*x3 + 1.228),0.9939693655105658,0.070339344
3,I.16.6,-0.086 + (2.908*x1*x2 + 1.169*x1*x3 + 0.182*x2**2 - 1.395*x2*x3 + 0.178*x3**2 + 1.84)/(1.012*x1 + 1.617*x2 + 1.806),0.9929524093220028,0.07360414
4,I.16.6,-2.09 + (2.735*x1*x2*x3 + 1.077*x1*x3**2 + 1.071*x1 + 1.851*x2*x3 - 1.625*x3**2 + 2.071)/(x3*(0.983*x1 + 1.931*x2 - 1.505)),0.9675532739280872,0.16174665
5,I.16.6,1.998*x1**2*(1.165*x2 + 1.165*x3)/(2.328*x1**2 + 2.328*x2*x3),0.9999998741894698,0.00038752734
6,I.16.6,0.111 + (2.064*x1*x2 + 1.785*x1*x3 - 1.245*x2*x3 + 0.182*x3**2 + 0.498)/(1.111*x1 + 0.689*x2 + 0.77*x3 + 1.22),0.9931646420908598,0.07249173
7,I.16.6,1.998*x1**2*(1.165*x2 + 1.165*x3)/(2.328*x1**2 + 2.328*x2*x3),0.9999998741894698,0.00038752734
8,I.16.6,1.981*x1*(-27.216*x1 - 1.212*x2**2 - 1.132*x2*x3 + 31.712*x2 + 5.501*x3**2 + 224.033)/(-1.132*x2**2 + 10.237*x2*x3 + 1.069*x3**2 + 297.731) - 1.132,0.977353460496748,0.13939597
9,I.16.6,1.998*x1**2*(1.165*x2 + 1.165*x3)/(2.328*x1**2 + 2.328*x2*x3),0.9999998741894698,0.00038752734
0,I.18.4,(x1*x3 + x2*x4)/(x1 + x2),0.9999999999999344,1.4543534e-07
1,I.18.4,(x1*x3 + x2*x4)/(x1 + x2),0.9999999999999344,1.4543534e-07
2,I.18.4,(x1*x3 + x2*x4)/(x1 + x2),0.9999999999999344,1.4543534e-07
3,I.18.4,(x1*x3 + x2*x4)/(x1 + x2),0.9999999999999344,1.4543534e-07
4,I.18.4,(x1*x3 + x2*x4)/(x1 + x2),0.9999999999999344,1.4543534e-07
5,I.18.4,(x1*x3 + x2*x4)/(x1 + x2),0.9999999999999344,1.4543534e-07
6,I.18.4,(x1*x3 + x2*x4)/(x1 + x2),0.9999999999999344,1.4543534e-07
7,I.18.4,(x1*x3 + x2*x4)/(x1 + x2),0.9999999999999344,1.4543534e-07
8,I.18.4,(x1*x3 + x2*x4)/(x1 + x2),0.9999999999999344,1.4543534e-07
9,I.18.4,(x1*x3 + x2*x4)/(x1 + x2),0.9999999999999344,1.4543534e-07
0,I.18.12,x1*x2*sin(x3) + log(1.0/x1) + log(x1),0.9999999999999932,4.0516258e-07
1,I.18.12,x1*x2*sin(x3),0.999999999999993,4.0635467e-07
2,I.18.12,x1*x2*sin(x3) + log(1.0/x1) + log(x1),0.9999999999999932,4.0516258e-07
3,I.18.12,x1*x2*sin(x3),0.999999999999993,4.0635467e-07
4,I.18.12,x1*x2*sin(x3),0.999999999999993,4.0635467e-07
5,I.18.12,x1*x2*sin(x3),0.999999999999993,4.0635467e-07
6,I.18.12,x1*x2*sin(x3),0.999999999999993,4.0635467e-07
7,I.18.12,x1*x2*sin(x3),0.999999999999993,4.0635467e-07
8,I.18.12,x1*x2*sin(x3),0.999999999999993,4.0635467e-07
9,I.18.12,x1*x2*sin(x3),0.999999999999993,4.0635467e-07
0,I.18.14,x1*x2*x3*sin(x4),1.0,1.110223e-16
1,I.18.14,x1*x2*x3*sin(x4),1.0,1.110223e-16
2,I.18.14,x1*x2*x3*sin(x4),1.0,1.110223e-16
3,I.18.14,x1*x2*x3*sin(x4),1.0,1.110223e-16
4,I.18.14,x1*x2*x3*sin(x4),1.0,1.110223e-16
5,I.18.14,x1*x2*x3*sin(x4),1.0,1.110223e-16
6,I.18.14,x1*x2*x3*sin(x4),1.0,1.110223e-16
7,I.18.14,x1*x2*x3*sin(x4),1.0,1.110223e-16
8,I.18.14,x1*x2*x3*sin(x4),1.0,1.110223e-16
9,I.18.14,x1*x2*x3*sin(x4),1.0,1.110223e-16
0,I.24.6,0.25*x1*x2**2*x4**2 + 0.25*x1*x3**2*x4**2,0.9999999999999728,1.3434887e-06
1,I.24.6,0.851*x1*x4**2*(1.209*x3 - 6.792*cos(0.308*x2) + 5.579) + 0.008,0.9966700521860512,0.5748096
2,I.24.6,0.851*x1*x4**2*(1.209*x3 - 6.792*cos(0.308*x2) + 5.579) + 0.008,0.9966700521860512,0.5748096
3,I.24.6,2.27*x1*x4**2*(-2.165*cos(0.335*x2) - 1.222*cos(0.464*x3) + 3.326) + 0.011,0.9995512371607532,0.21180256
4,I.24.6,0.851*x1*x4**2*(1.209*x3 - 6.792*cos(0.308*x2) + 5.579) + 0.008,0.9966700521860512,0.5748096
5,I.24.6,0.851*x1*x4**2*(1.209*x3 - 6.792*cos(0.308*x2) + 5.579) + 0.008,0.9966700521860512,0.5748096
6,I.24.6,0.851*x1*x4**2*(1.209*x3 - 6.792*cos(0.308*x2) + 5.579) + 0.008,0.9966700521860512,0.5748096
7,I.24.6,0.851*x1*x4**2*(1.209*x3 - 6.792*cos(0.308*x2) + 5.579) + 0.008,0.9966700521860512,0.5748096
8,I.24.6,0.25*x1*x2**2*x4**2 + 0.25*x1*x3**2*x4**2,0.9999999999999728,1.3434887e-06
9,I.24.6,2.779*x1*x4**2*(0.368*x3 - 2.529*cos(0.277*x2) + 2.158) + 0.168,0.9967204487128928,0.56690663
0,I.25.13,x1/x2,0.9999999999999926,3.4868716e-08
1,I.25.13,x1/x2,0.9999999999999926,3.4868716e-08
2,I.25.13,x1/x2,0.9999999999999926,3.4868716e-08
3,I.25.13,x1/x2,0.9999999999999926,3.4868716e-08
4,I.25.13,x1/x2,0.9999999999999926,3.4868716e-08
5,I.25.13,x1/x2,0.9999999999999926,3.4868716e-08
6,I.25.13,x1/x2,0.9999999999999926,3.4868716e-08
7,I.25.13,x1/x2,0.9999999999999926,3.4868716e-08
8,I.25.13,x1/x2,0.9999999999999926,3.4868716e-08
9,I.25.13,x1/x2,0.9999999999999926,3.4868716e-08
0,I.26.2,0.976*x1*(0.951*x1**2*cos(0.863*cos(1.002*x2)) + 1.029*cos(0.911*x1)**2 + 0.011)*sin(x2),0.999879053545904,0.0035274345
1,I.26.2,1.24*x1*(2.219*x1*sin(0.53*sin(0.994*x2))**2 + 1.204)*sin(1.016*sin(0.637*sin(1.001*x2))),0.9994092110429048,0.008275028
2,I.26.2,(0.627*x1**3 + 0.846*cos(0.613*x1**2) + 0.066)*sin(1.11*x1)*sin(1.001*x2),0.9987412126334356,0.009400643
3,I.26.2,(-2.231*x1 + 1.07*sin(1.211*x1) - 0.01)*sin(0.979*x2 + 3.209) - 0.001,0.998840125594186,0.009325251
4,I.26.2,(-2.23*x1 + 1.069*sin(1.211*x1) - 0.01)*sin(0.979*x2 - 9.357) - 0.001,0.998840552386166,0.009332989
5,I.26.2,0.864*x1*(0.339*x1 + 1.102*cos(0.438*sin(2.572*x1)) + 0.021)*sin(1.001*x2),0.998745339385792,0.009339758
6,I.26.2,1.24*x1*(2.219*x1*sin(0.53*sin(0.994*x2))**2 + 1.204)*sin(1.016*sin(0.637*sin(1.001*x2))),0.9994092110429048,0.008275028
7,I.26.2,-5.452*x1*sin(1.001*x2)/(1.65*x1 + 0.204*cos(1.005*x2) - 6.067),0.9988329676527724,0.010295263
8,I.26.2,0.009*x1*(77.139*x1**2 - 43.349*x1*x2 - 7.085*x2**2 + 491.929)*sin(1.005*x2)/(-0.627*x1**2 - 0.108*x1*x2 - 0.086*x2**2 + 4.358) + 0.009,0.996770364160548,0.021593964
9,I.26.2,1.743*x1*(1.884*x1**3 + 3.338*x1 + 0.407*x2 + 2.803)*sin(1.002*x2)/(6.062*x1 + 0.658*x2 + 4.983),0.9987482179869838,0.009629798
0,I.27.6,x1*x2/(x1*x3 + x2),0.999999999999982,2.9802322e-08
1,I.27.6,0.996*x1*x2/(0.996*x1*x3 + 0.996*x2),0.9999999999999803,3.2484532e-08
2,I.27.6,-0.174 + (2.189*x1*x2 - 1.733*x2 + 0.696*x3 + 0.19)/(x1*(0.495*x2 + 1.49*x3 + 0.038)),0.9956177077829648,0.015807725
3,I.27.6,x1*x2/(x1*x3 + x2),0.999999999999982,2.9802322e-08
4,I.27.6,x1*x2/(x1*x3 + x2),0.999999999999982,2.9802322e-08
5,I.27.6,1.027*x1*x2/(1.027*x1*x3 + 1.027*x2),0.9999999999999803,3.2484532e-08
6,I.27.6,1.17*x1*x2/(1.17*x1*x3 + 1.17*x2),0.9999999999999803,3.2484532e-08
7,I.27.6,1.332*x1*x2*(0.549*x1 + 1.924*x3 - 1.491)/(x3*(0.5*x1**2 + 0.669*x1*x2 + 1.628*x1*x3 + 0.435*x2*x3 - 0.433)) - 0.069,0.997791852685551,0.013551887
8,I.27.6,1.691*x1*x2/(1.691*x1*x3 + 1.691*x2),0.9999999999999803,3.2484532e-08
9,I.27.6,1.005*x1*x2/(1.005*x1*x3 + 1.005*x2),0.9999999999999803,3.2484532e-08
0,I.29.4,x1/x2,0.9999999999999956,4.053116e-08
1,I.29.4,x1/x2,0.9999999999999956,4.053116e-08
2,I.29.4,x1/x2,0.9999999999999956,4.053116e-08
3,I.29.4,x1/x2,0.9999999999999956,4.053116e-08
4,I.29.4,x1/x2,0.9999999999999956,4.053116e-08
5,I.29.4,x1/x2,0.9999999999999956,4.053116e-08
6,I.29.4,x1/x2,0.9999999999999956,4.053116e-08
7,I.29.4,x1/x2,0.9999999999999956,4.053116e-08
8,I.29.4,x1/x2,0.9999999999999956,4.053116e-08
9,I.29.4,x1/x2,0.9999999999999956,4.053116e-08
0,I.29.16,1.352*x3*sin(0.977*x4) - 0.326*x4 - 5.354*sin(0.872*x4) + 7.166*sin(0.133*x1 + 0.14*x2 + 6.446) - 0.035,0.7109486142081558,0.7993202
1,I.29.16,1.167*x1/x2 + 1.055*x2 + 1.33*x3*sin(0.982*x4) - 4.74*sin(0.866*x4) + 0.101,0.7216702007358131,0.78425
2,I.29.16,0.447*x1 - 1.2*x3 + 1.634*x4*sin(1.081*x3) - 6.711*sin(1.025*x3) + 1.434*cos(1.086*x4) + 7.018,0.7078255101518598,0.81174695
3,I.29.16,0.502*x1 + 0.451*x2 + 3.393*cos(0.73*x3 - 0.821 + 4.879/x4) + 4.111 - 4.026/x4,0.7965755135110988,0.68192255
4,I.29.16,0.544*x2 + 1.369*x3*sin(0.968*x4) - 5.081*sin(0.852*x4) + 1.001*sin(1.152*x1 + 0.045*x4 + 2.22) + 3.332,0.7278180094462916,0.7879998
5,I.29.16,0.549*x1 + 0.525*x2 + 1.442*x3*sin(0.935*x4) - 5.574*sin(0.828*x4) + 1.289*cos(0.949*x3) + 2.418,0.7835976262451718,0.7065787
6,I.29.16,0.538*x1 + 0.46*x2 + 1.795*x3*sin(0.816*x4) - 7.929*sin(0.727*x4) + 1.133 + 4.727/x3,0.7653178084527351,0.751864
7,I.29.16,0.52*x1 + 0.5*x2 + 1.47*x3*sin(0.899*x4) - 0.301*x3 - 6.075*sin(0.786*x4) + 3.214,0.7121999753167572,0.8093119
8,I.29.16,0.545*x1 + 0.474*x2 + 0.004*x3 + 2.334*cos(0.036*x1 + 1.003*x3 - 1.048*x4 + 3.16) + 1.151,0.8846140889864113,0.47842556
9,I.29.16,0.52*x1 + 0.5*x2 + 1.47*x3*sin(0.898*x4) - 0.301*x3 - 6.074*sin(0.786*x4) + 3.211,0.7122114995769048,0.8090605
0,I.30.3,0.308 + (-4.641*x1*x2*cos(0.308*x2) + 0.41*x1*x3*cos(2.167*x2) + 9.188*x1 + 0.308*x2 - 1.391*x3 + 3.624)/(1.26*x2 + 0.119*x3 - 0.464),0.628118447701163,1.2494116
1,I.30.3,1.061 + (0.738*x1*x2 + 1.193*x1*sin(0.879*x3) + 1.337*x1*cos(1.016*x2) + 1.193*x2*cos(2.179*x2) + 8.234*sin(0.566*x3)*cos(1.061*x2) + 2.185*cos(1.061*x2)**2 + 1.193)/x2,0.6585561715216983,1.1466749
2,I.30.3,-0.828*x1*cos(0.999*x2*x3) + 0.739*x1 + 2.673*cos(0.983*x2) + 1.409,0.8570034473159656,0.7215082
3,I.30.3,-0.034 + (3.906*x1*x2*cos(1.006*x2) + 3.985*x1*x2 + 1.39*x1*x3*cos(2.013*x2) - 0.034*x1*x3 + 2.738*cos(3.328*x2) + 1.275)/(3.213*x2 - 0.034*x3 - 2.215),0.6245412413861263,1.2438521
4,I.30.3,0.361 + (0.361*x1*x2*cos(1.096*x2) + 0.168*x1*x3*cos(1.767*x2) + 1.25*x1 + 0.361*x2*cos(2.297*x2) - 0.197*x3*cos(0.187*x2) + 0.361)/(0.361*x2 + 0.085*x3 - 0.226),0.6249576776160086,1.2312919
5,I.30.3,-0.844*x1*cos(0.993*x2*x3) + 0.584*x1 + 1.488*cos(0.977*x2*x3)*cos(0.238*x1 + 1.448*x2 + 0.993) + 0.993*cos(-0.082*x1 + 1.237*x2 + 5.743) + 0.993,0.8612481429334753,0.63208604
6,I.30.3,3.647*x1*(1.392*x2*sin(0.979*x2) - 0.442*x2 + 0.326*x3*sin(0.397*x2) - 0.399*x3 - 7.169*sin(0.785*x2) + 6.165)/x2 + 0.979,0.6494795906627493,1.1996895
7,I.30.3,1.061 + (0.738*x1*x2 + 1.193*x1*sin(0.879*x3) + 1.337*x1*cos(1.016*x2) + 1.193*x2*cos(2.179*x2) + 8.234*sin(0.566*x3)*cos(1.061*x2) + 2.185*cos(1.061*x2)**2 + 1.193)/x2,0.6585561715216983,1.1466749
8,I.30.3,0.311 + (0.321*x1*x2*cos(1.001*x2) + 0.311*x1*x2 + 0.083*x1*x3*cos(1.917*x2) - 0.097*x1*x3 + 0.311*x1 + 0.275*cos(2.171*x2) + 0.311)/(0.311*x2 - 0.011*x3 - 0.154),0.655782560205394,1.197682
9,I.30.3,0.329 + (1.18*x1*x2 + 1.158*x1*sin(0.998*x3) + 3.405*x1*cos(1.016*x2) + 1.611*x2*cos(2.168*x2) + 1.611*sin(1.975*x3)*cos(0.329*x2) - 0.969*cos(0.329*x2)**2 + 1.611)/x2,0.6487117181236364,1.1576195
0,I.30.5,0.002 + (0.938*x1*x2 + 0.946*x1*x3 - 0.231)/(x2*x3*(0.979*x2 + 1.011*x3 - 0.447)),0.999940193897955,0.0005339062
1,I.30.5,1.038*x1/(x2*x3) + 0.999*log(0.995/x3) + log(x3) - 0.001,0.9997321112535266,0.0011151836
2,I.30.5,1.026*x1/(x2*x3) - 0.003 + 0.116/(x2**3*x3**2),0.999750091335114,0.0010558274
3,I.30.5,0.001 + (-0.5*x1**2 + 0.699*x1*x2 + 2.189*x1*x3 - 0.268)/(x2*x3*(-0.498*x1 + 0.744*x2 + 2.264*x3 - 0.516)),0.9999443326306195,0.0005900817
4,I.30.5,-0.003 + (0.928*x1**3 + 2.026*x1**2*x2 + 0.987*x1*x2**2 + 0.316)/(x2*x3*(0.828*x1**2 + 1.955*x1*x2 + 0.964*x2**2 + 0.358)),0.9997253729309814,0.0011698209
5,I.30.5,(1.043*x1**3*x2 + 1.989*x1**2*x2*x3 + 1.043*x1*x2*x3**2 + 1.268)/(x2**2*x3*(0.795*x1**2 + 2.088*x1*x3 + 1.024*x3**2 + 0.476)),0.9999183805481138,0.0004894468
6,I.30.5,0.002 + (0.941*x1*x2**2 + 1.477*x1*x2*x3 + 1.33*x1*x3**2 - 1.104)/(x2*x3*(0.936*x2**2 + 1.597*x2*x3 + 1.325*x3**2 - 1.521)),0.9999718368707604,0.00041505176
7,I.30.5,-0.003 + (0.8*x1**3*x2 + 1.89*x1**2*x2**2 + 0.996*x1*x2**3 - 1.672)/(x2**2*x3*(0.794*x1**2 + 1.885*x1*x2 + 0.976*x2**2 - 0.77)),0.9997401625141552,0.0011393488
8,I.30.5,0.002 + (0.941*x1*x2**2 + 1.477*x1*x2*x3 + 1.33*x1*x3**2 - 1.104)/(x2*x3*(0.936*x2**2 + 1.597*x2*x3 + 1.325*x3**2 - 1.521)),0.9999718368707604,0.00041505176
9,I.30.5,-1.021*x1/(0.146*x1 - 1.052*x2*x3 - 0.013) + 0.002,0.9999887051304678,0.00020913978
0,I.32.5,0.003 + (2.171*x2 + 1.839*x4*sin(1.287*x3) - 2.84)*log(0.726*x1)/x4**3,0.9750876582463296,0.090059765
1,I.32.5,-0.167 + 223.831*log(0.948*x2)/((-199.811*x1 + 102.425*x3 + 1066.954)*log(1.048*x4)),0.9658541174603033,0.09781575
2,I.32.5,(0.791*x2 + 0.05)/(0.954*x1*x4 + 1.173*x1*sin(0.843*x1) + 0.385*x4**2 + 2.124*x4*sin(1.314*x1) - 0.808) - 0.139,0.979796131939476,0.07446603
3,I.32.5,0.003 + (2.171*x2 + 1.839*x4*sin(1.287*x3) - 2.84)*log(0.726*x1)/x4**3,0.9750876582463296,0.090059765
4,I.32.5,-0.009 + (0.201*x1*x2 - 0.096*x1 - 0.166*x4 - 0.239)/(x4*(0.43*x3 + 0.995*x4 - 1.572)),0.9915816724780574,0.050011024
5,I.32.5,(2.705*x1 - 0.179*x3 - 1.467)/(1.038*x1*x4 + 1.201*x1*sin(1.073*x2) + 1.102*x3*x4 + 0.715*x3*sin(0.851*x2) + 0.128) - 0.179,0.9789394527547464,0.09111153
6,I.32.5,-0.167 + 223.831*log(0.948*x2)/((-199.811*x1 + 102.425*x3 + 1066.954)*log(1.048*x4)),0.9658541174603033,0.09781575
7,I.32.5,-0.845*x2*cos(0.878*log(0.385*x1 + 0.263*x2 + 4.876))/(0.981*x4 - 0.918) - 0.051,0.9702995733127804,0.08434445
8,I.32.5,-0.167 + 223.831*log(0.948*x2)/((-199.811*x1 + 102.425*x3 + 1066.954)*log(1.048*x4)),0.9658541174603033,0.09781575
9,I.32.5,(0.932*x2 - 0.76)/((-1.988*x1 + 1.06*x3 + 10.065)*log(1.066*x4)) - 0.167,0.9740782096305416,0.09796236
0,I.32.17,2.299*x4*x5**3 + 4.566*x4*x5*sin(0.986*x6) + 4.572*x5**2*sin(1.124*x6) + 11.261*sin(1.073*x6)**2 - 2.692,0.8082058906784179,1.21169
1,I.32.17,2.299*x4*x5**3 + 4.566*x4*x5*sin(0.986*x6) + 4.572*x5**2*sin(1.124*x6) + 11.261*sin(1.073*x6)**2 - 2.692,0.8082058906784179,1.21169
2,I.32.17,2.299*x4*x5**3 + 4.566*x4*x5*sin(0.986*x6) + 4.572*x5**2*sin(1.124*x6) + 11.261*sin(1.073*x6)**2 - 2.692,0.8082058906784179,1.21169
3,I.32.17,2.017*x4*x5**3*(1.835*sin(0.905*x3) + 0.804*sin(1.049*x6) - 0.745) - 1.96,0.8290729852446508,1.3304193
4,I.32.17,2.299*x4*x5**3 + 4.566*x4*x5*sin(0.986*x6) + 4.572*x5**2*sin(1.124*x6) + 11.261*sin(1.073*x6)**2 - 2.692,0.8082058906784179,1.21169
5,I.32.17,2.299*x4*x5**3 + 4.566*x4*x5*sin(0.986*x6) + 4.572*x5**2*sin(1.124*x6) + 11.261*sin(1.073*x6)**2 - 2.692,0.8082058906784179,1.21169
6,I.32.17,1.828*x3*x4*(0.826*x4*x5 + 1.036*x4*sin(1.839*x6) - 1.035*x4 + 4.512*x5**2 + 3.908*x5*sin(1.09*x6) - 9.53*x5 + 7.683) + 0.826,0.818837594068615,1.3801818
7,I.32.17,1.946*x5**2*(-0.117*x2*x5 + 0.752*x2*sin(1.83*x6) + 1.978*x4*x5 + 2.721*x4*sin(1.078*x6) - 2.337) + 4.714,0.80867522633887,1.2770387
8,I.32.17,2.299*x4*x5**3 + 4.566*x4*x5*sin(0.986*x6) + 4.572*x5**2*sin(1.124*x6) + 11.261*sin(1.073*x6)**2 - 2.692,0.8082058906784179,1.21169
9,I.32.17,2.017*x4*x5**3*(1.835*sin(0.905*x3) + 0.804*sin(1.049*x6) - 0.745) - 1.96,0.8290729852446508,1.3304193
0,I.34.8,x1*x2*x3/x4,0.999999999999994,4.208088e-07
1,I.34.8,x1*x2*x3/x4,0.999999999999994,4.208088e-07
2,I.34.8,x1*x2*x3/x4,0.999999999999994,4.208088e-07
3,I.34.8,x1*x2*x3/x4,0.999999999999994,4.208088e-07
4,I.34.8,x1*x2*x3/x4,0.999999999999994,4.208088e-07
5,I.34.8,x1*x2*x3/x4,0.999999999999994,4.208088e-07
6,I.34.8,x1*x2*x3/x4,0.999999999999994,4.208088e-07
7,I.34.8,x1*x2*x3/x4,0.999999999999994,4.208088e-07
8,I.34.8,x1*x2*x3/x4,0.999999999999994,4.208088e-07
9,I.34.8,x1*x2*x3/x4,0.999999999999994,4.208088e-07
0,I.34.1,x1*x3/(x1 - x2),0.9999999999999772,1.7285348e-07
1,I.34.1,1.4236454814135164*x1*x3/(1.424*x1 - 1.424*x2),0.9999995730867542,0.0010841298
2,I.34.1,2.011996752113238*x1*x3/(2.012*x1 - 2.012*x2),0.9999999999820104,7.033348e-06
3,I.34.1,x1*x3/(x1 - x2),0.9999999999999772,1.7285348e-07
4,I.34.1,1.598131364612546*x1*x3/(1.598*x1 - 1.598*x2),0.9999999534651712,0.00035793424
5,I.34.1,2.2178547301773215*x1*x3/(2.218*x1 - 2.218*x2),0.9999999704431446,0.00028524757
6,I.34.1,0.866*x3*(3.458*x1 + 0.018*x2 - 0.059)/(2.993*x1 - 2.978*x2 - 0.035) - 0.001,0.9999994775194558,0.0012010527
7,I.34.1,x1*x3/(x1 - x2),0.9999999999999772,1.7285348e-07
8,I.34.1,x1*x3/(x1 - x2),0.9999999999999772,1.7285348e-07
9,I.34.1,x1*x3/(x1 - x2),0.9999999999999772,1.7285348e-07
0,I.34.14,0.918*x3*(1.093*x1 + 0.391)/(x1 - 0.867*x2 + 0.254) + 0.002,0.9999770362711558,0.0064045335
1,I.34.14,0.768*x3*(1.924*x1 + 0.4*x2 + 0.001)/(1.469*x1 - 1.052*x2 + 0.002) + 0.001,0.9999892548553648,0.0045772134
2,I.34.14,1.143*x3*(4.356*x1 + 0.908*x2 + 0.002)/(4.945*x1 - 3.54*x2 + 0.006) + 0.001,0.9999982776284102,0.0016235721
3,I.34.14,-0.008 + (1.003*x1**2*x3 + 0.082*x1 - 0.62*x2**2*x3 - 0.259)/(x1*(1.005*x1 - 1.028*x2 - 0.008)),0.9999973535192872,0.0017671835
4,I.34.14,1.128*x3*(3.868*x1 + 0.804*x2 + 0.003)/(4.335*x1 - 3.105*x2 + 0.007) + 0.001,0.9999966096216222,0.0023138989
5,I.34.14,1.344 + (1.144*x1*x3 - 1.527*x1 + 0.238*x2*x3 + 1.103*x2 - 0.009)/(1.135*x1 - 0.811*x2),0.9999963348456152,0.0022158874
6,I.34.14,0.005 + 0.908*x3*(1.132*x1**2 + 0.746*x1*x2 + 1.588*x2**2 - 0.019)/x1**2,0.9999744032784212,0.0062651467
7,I.34.14,(1.112*x1**3*x3 + 3.651*x1**2*x2*x3 - 0.056*x1*x2**2*x3 - 0.003*x1*x3 + 0.012*x1)/(x1*(1.118*x1**2 + 2.441*x1*x2 - 2.603*x2**2)),0.999999857220835,0.00049214246
8,I.34.14,0.95*x3*(1.17*x1**2 + 2.709*x1*x2 - 0.197*x2**2 + 0.008)/(1.116*x1**2 + 1.392*x1*x2 - 1.817*x2**2 + 0.005),0.9999998873164488,0.00039738297
9,I.34.14,0.001 + 0.988*x3*(1.017*x1 + 0.961*x2 - 0.001)/(x1*cos(1.091*x2/x1)),0.9999975762134892,0.0019320261
0,I.34.27,0.159*x1*x2,0.9999960186224304,0.001351991
1,I.34.27,0.159*x1*x2,0.9999960186224304,0.001351991
2,I.34.27,0.159*x1*x2,0.9999960186224304,0.001351991
3,I.34.27,0.159*x1*x2,0.9999960186224304,0.001351991
4,I.34.27,0.159*x1*x2,0.9999960186224304,0.001351991
5,I.34.27,0.159*x1*x2,0.9999960186224304,0.001351991
6,I.34.27,0.159*x1*x2,0.9999960186224304,0.001351991
7,I.34.27,0.159*x1*x2,0.9999960186224304,0.001351991
8,I.34.27,0.159*x1*x2,0.9999960186224304,0.001351991
9,I.34.27,0.159*x1*x2,0.9999960186224304,0.001351991
0,I.37.4,0.93 + (0.93*x1**2*cos(0.93*x3) + 0.93*x1**2 + 6.255*x1*x2*cos(0.973*x3) + 2.482*x1*x2 + 0.93*x1*x3*cos(0.93*x3) + 3.981*x1*x3 + 0.93*x2*x3*cos(0.814*x3) + 4.187*x2*x3 + 43.303*cos(0.93*x3) + 1.845)/(0.93*x1 + 1.772*x3 + 10.339),0.9972730600366247,0.10999929
1,I.37.4,0.93 + (0.93*x1**2*cos(0.93*x3) + 0.93*x1**2 + 6.324*x1*x2*cos(0.972*x3) + 2.505*x1*x2 + 0.93*x1*x3*cos(0.93*x3) + 4.019*x1*x3 + 0.93*x2*x3*cos(0.813*x3) + 4.227*x2*x3 + 43.86*cos(0.93*x3) + 1.918)/(0.93*x1 + 1.782*x3 + 10.479),0.997266162721698,0.10963954
2,I.37.4,0.931 + (0.931*x1**2*cos(0.931*x3) + 0.931*x1**2 + 5.923*x1*x2*cos(0.974*x3) + 2.361*x1*x2 + 0.931*x1*x3*cos(0.931*x3) + 3.794*x1*x3 + 0.931*x2*x3*cos(0.815*x3) + 4.002*x2*x3 + 40.511*cos(0.931*x3) + 1.401)/(0.931*x1 + 1.713*x3 + 9.66),0.997313627666409,0.10934523
3,I.37.4,0.93 + (0.93*x1**2*cos(0.93*x3) + 0.93*x1**2 + 6.318*x1*x2*cos(0.972*x3) + 2.506*x1*x2 + 0.93*x1*x3*cos(0.93*x3) + 4.015*x1*x3 + 0.93*x2*x3*cos(0.814*x3) + 4.22*x2*x3 + 43.809*cos(0.93*x3) + 1.929)/(0.93*x1 + 1.781*x3 + 10.471),0.997265030482156,0.10964246
4,I.37.4,0.93 + (0.93*x1**2*cos(0.93*x3) + 0.93*x1**2 + 6.305*x1*x2*cos(0.972*x3) + 2.494*x1*x2 + 0.93*x1*x3*cos(0.93*x3) + 4.016*x1*x3 + 0.93*x2*x3*cos(0.814*x3) + 4.221*x2*x3 + 43.769*cos(0.93*x3) + 1.885)/(0.93*x1 + 1.781*x3 + 10.44),0.9972694317647148,0.10974904
5,I.37.4,0.93 + (0.93*x1**2*cos(0.93*x3) + 0.93*x1**2 + 6.247*x1*x2*cos(0.973*x3) + 2.485*x1*x2 + 0.93*x1*x3*cos(0.93*x3) + 3.969*x1*x3 + 0.93*x2*x3*cos(0.814*x3) + 4.178*x2*x3 + 43.205*cos(0.93*x3) + 1.877)/(0.93*x1 + 1.769*x3 + 10.328),0.9972702789666444,0.109752275
6,I.37.4,0.93 + (0.93*x1**2*cos(0.93*x3) + 0.93*x1**2 + 6.312*x1*x2*cos(0.972*x3) + 2.502*x1*x2 + 0.93*x1*x3*cos(0.93*x3) + 4.013*x1*x3 + 0.93*x2*x3*cos(0.814*x3) + 4.22*x2*x3 + 43.782*cos(0.93*x3) + 1.913)/(0.93*x1 + 1.78*x3 + 10.459),0.9972666485228908,0.10966012
7,I.37.4,0.93 + (0.93*x1**2*cos(0.93*x3) + 0.93*x1**2 + 6.255*x1*x2*cos(0.973*x3) + 2.482*x1*x2 + 0.93*x1*x3*cos(0.93*x3) + 3.981*x1*x3 + 0.93*x2*x3*cos(0.814*x3) + 4.187*x2*x3 + 43.303*cos(0.93*x3) + 1.845)/(0.93*x1 + 1.772*x3 + 10.339),0.9972730600366247,0.10999929
8,I.37.4,0.997 + (0.438*x1**2*cos(0.997*x3) + 0.997*x1**2 + 2.357*x1*x2*cos(0.999*x3) + 0.997*x1*x2 + 0.997*x1*cos(0.997*x3) + 0.997*x1 - 0.478*x2**2*cos(0.992*x3) + 0.997*x2**2 + 11.535*x2*cos(0.997*x3) + 5.504*x2 + 1.997)/(0.006*x1 + 0.997*x2 + 6.89),0.9980782477650508,0.089688
9,I.37.4,0.877*x1*cos(0.999*x3) + 1.015*x1 + 1.006*x2*cos(0.005/x1) + 1.11*x2*cos(0.831/x1)*cos(1.003*x3) - 0.042 - 0.042*cos(0.119*x3)/x1 - 0.042/x1,0.997471691058566,0.10542505
0,I.38.12,-0.114 + (1.352*x3*x4 - 1.745*x4 + 1.303*cos(1.051*x3) + 1.078)/(x2*(0.956*x1 + 1.065*x2 - 1.47)),0.990088061753208,0.096872866
1,I.38.12,-0.015 + 0.583*x3*x4*(0.877*x1 + 0.327*x2 + 5.78*x3 + 0.729)/(x1*x2**2*(0.331*x1 - 0.425*x3 + 13.01)),0.9998621553367713,0.01048625
2,I.38.12,0.376*x3*x4*(0.04*x1 + 0.197*x2 + 3.863*x3 - 1.126)/(x2*(4.298*x1*x2 + 0.029*x1*x3 + 0.064*x2*x3 - 0.493)),0.9999662727201736,0.005885968
3,I.38.12,0.376*x3*x4*(0.04*x1 + 0.197*x2 + 3.863*x3 - 1.126)/(x2*(4.298*x1*x2 + 0.029*x1*x3 + 0.064*x2*x3 - 0.493)),0.9999662727201736,0.005885968
4,I.38.12,0.3185*x3**2*x4/(x1*x2**2),0.9999994912849518,0.00054195424
5,I.38.12,0.318*x3**2*x4/(x1*x2**2),0.9999986481637944,0.00088340347
6,I.38.12,0.3184565139341009*x3**2*x4/(x1*x2**2),0.9999996974284784,0.00041797743
7,I.38.12,0.3184*x3**2*x4/(x1*x2**2),0.9999998857169397,0.00025688138
8,I.38.12,-0.117 + (2.01*x3**2 + 5.491*x3*x4 - 12.562*x3 - 7.401*x4 + 19.213)/(x2*(3.769*x1 + 4.201*x2 - 5.782)),0.9898884190727144,0.09813194
9,I.38.12,0.31830259979931756*x3**2*x4/(x1*x2**2),0.9999999992502716,2.0779036e-05
0,I.39.1,1.5*x1*x2,0.999999999999992,3.3140182e-07
1,I.39.1,1.5*x1*x2,0.999999999999992,3.3140182e-07
2,I.39.1,1.5*x1*x2 + log(1.0/x1) + log(x1),0.9999999999999928,3.0755996e-07
3,I.39.1,1.5*x1*x2,0.999999999999992,3.3140182e-07
4,I.39.1,1.5*x1*x2,0.999999999999992,3.3140182e-07
5,I.39.1,1.5*x1*x2,0.999999999999992,3.3140182e-07
6,I.39.1,1.5*x1*x2,0.999999999999992,3.3140182e-07
7,I.39.1,1.5*x1*x2 + log(1.0/x1) + log(x1),0.9999999999999928,3.0755996e-07
8,I.39.1,1.5*x1*x2,0.999999999999992,3.3140182e-07
9,I.39.1,1.5*x1*x2,0.999999999999992,3.3140182e-07
0,I.39.11,1.002*x2*x3/(1.002*x1 - 1.002),0.9999999999999784,2.604723e-07
1,I.39.11,0.996*x2*x3/(0.996*x1 - 0.996),0.9999999999999784,2.604723e-07
2,I.39.11,1.956*x2*x3/(1.956*x1 - 1.956),0.9999999999999784,2.604723e-07
3,I.39.11,0.912*x2*x3/(0.912*x1 - 0.912),0.9999999999999784,2.604723e-07
4,I.39.11,1.014*x2*x3/(1.014*x1 - 1.014),0.9999999999999784,2.604723e-07
5,I.39.11,0.912*x2*x3/(0.912*x1 - 0.912),0.9999999999999784,2.604723e-07
6,I.39.11,0.912*x2*x3/(0.912*x1 - 0.912),0.9999999999999784,2.604723e-07
7,I.39.11,0.912*x2*x3/(0.912*x1 - 0.912),0.9999999999999784,2.604723e-07
8,I.39.11,x2*x3/(x1 - 1.0),0.9999999999999796,2.759695e-07
9,I.39.11,x2*x3/(x1 - 1.0),0.9999999999999796,2.759695e-07
0,I.39.22,x1*x2*x4/x3,0.9999999999999934,4.6670436e-07
1,I.39.22,x1*x2*x4/x3,0.9999999999999934,4.6670436e-07
2,I.39.22,x1*x2*x4/x3,0.9999999999999934,4.6670436e-07
3,I.39.22,x1*x2*x4/x3,0.9999999999999934,4.6670436e-07
4,I.39.22,x1*x2*x4/x3,0.9999999999999934,4.6670436e-07
5,I.39.22,x1*x2*x4/x3,0.9999999999999934,4.6670436e-07
6,I.39.22,x1*x2*x4/x3,0.9999999999999934,4.6670436e-07
7,I.39.22,x1*x2*x4/x3,0.9999999999999934,4.6670436e-07
8,I.39.22,x1*x2*x4/x3,0.9999999999999934,4.6670436e-07
9,I.39.22,x1*x2*x4/x3,0.9999999999999934,4.6670436e-07
0,I.40.1,0.873*x1*x6/(x2*(1.03*x3 + 1.702*x5 - 1.891)) - 0.132,0.7451529437494785,0.21350423
1,I.40.1,0.873*x1*x6/(x2*(1.03*x3 + 1.702*x5 - 1.891)) - 0.132,0.7451529437494785,0.21350423
2,I.40.1,0.873*x1*x6/(x2*(1.03*x3 + 1.702*x5 - 1.891)) - 0.132,0.7451529437494785,0.21350423
3,I.40.1,0.873*x1*x6/(x2*(1.03*x3 + 1.702*x5 - 1.891)) - 0.132,0.7451529437494785,0.21350423
4,I.40.1,0.873*x1*x6/(x2*(1.03*x3 + 1.702*x5 - 1.891)) - 0.132,0.7451529437494785,0.21350423
5,I.40.1,0.873*x1*x6/(x2*(1.03*x3 + 1.702*x5 - 1.891)) - 0.132,0.7451529437494785,0.21350423
6,I.40.1,0.873*x1*x6/(x2*(1.03*x3 + 1.702*x5 - 1.891)) - 0.132,0.7451529437494785,0.21350423
7,I.40.1,0.873*x1*x6/(x2*(1.03*x3 + 1.702*x5 - 1.891)) - 0.132,0.7451529437494785,0.21350423
8,I.40.1,0.873*x1*x6/(x2*(1.03*x3 + 1.702*x5 - 1.891)) - 0.132,0.7451529437494785,0.21350423
9,I.40.1,0.873*x1*x6/(x2*(1.03*x3 + 1.702*x5 - 1.891)) - 0.132,0.7451529437494785,0.21350423
0,I.41.16,1.18*x2*x4*log(0.756*x1)/x5**2 + 0.091,0.9694069182667088,0.32221973
1,I.41.16,1.18*x2*x4*log(0.756*x1)/x5**2 + 0.091,0.9694069182667088,0.32221973
2,I.41.16,1.18*x2*x4*log(0.756*x1)/x5**2 + 0.091,0.9694069182667088,0.32221973
3,I.41.16,1.18*x2*x4*log(0.756*x1)/x5**2 + 0.091,0.9694069182667088,0.32221973
4,I.41.16,0.221 + (3.246*x1 + 4.678*x2 + 5.544*x4 - 33.36)*log(0.746*x1)/x5**2,0.9779374979652952,0.31736672
5,I.41.16,1.18*x2*x4*log(0.756*x1)/x5**2 + 0.091,0.9694069182667088,0.32221973
6,I.41.16,1.18*x2*x4*log(0.756*x1)/x5**2 + 0.091,0.9694069182667088,0.32221973
7,I.41.16,1.18*x2*x4*log(0.756*x1)/x5**2 + 0.091,0.9694069182667088,0.32221973
8,I.41.16,1.18*x2*x4*log(0.756*x1)/x5**2 + 0.091,0.9694069182667088,0.32221973
9,I.41.16,1.18*x2*x4*log(0.756*x1)/x5**2 + 0.091,0.9694069182667088,0.32221973
0,I.43.16,x1*x2*x3/x4,0.999999999999994,4.208088e-07
1,I.43.16,x1*x2*x3/x4,0.999999999999994,4.208088e-07
2,I.43.16,x1*x2*x3/x4,0.999999999999994,4.208088e-07
3,I.43.16,x1*x2*x3/x4,0.999999999999994,4.208088e-07
4,I.43.16,x1*x2*x3/x4,0.999999999999994,4.208088e-07
5,I.43.16,x1*x2*x3/x4,0.999999999999994,4.208088e-07
6,I.43.16,x1*x2*x3/x4,0.999999999999994,4.208088e-07
7,I.43.16,x1*x2*x3/x4,0.999999999999994,4.208088e-07
8,I.43.16,x1*x2*x3/x4,0.999999999999994,4.208088e-07
9,I.43.16,x1*x2*x3/x4,0.999999999999994,4.208088e-07
0,I.43.31,x1*x2*x3 + log(1.0/x1) + log(x1),0.9999999999999888,9.894371e-07
1,I.43.31,x1*x2*x3 + log(1.0/x3) + log(x3),0.9999999999999888,9.894371e-07
2,I.43.31,x1*x2*x3 + log(1.0/x1) + log(x1),0.9999999999999888,9.894371e-07
3,I.43.31,x1*x2*x3 + log(1.0/x2) + log(x2),0.9999999999999888,9.894371e-07
4,I.43.31,x1*x2*x3 + log(1.0/x1) + log(x1),0.9999999999999888,9.894371e-07
5,I.43.31,x1*x2*x3 + log(1.0/x1) + log(x1),0.9999999999999888,9.894371e-07
6,I.43.31,x1*x2*x3 + log(1.0/x1) + log(x1),0.9999999999999888,9.894371e-07
7,I.43.31,x1*x2*x3 + log(1.0/x1) + log(x1),0.9999999999999888,9.894371e-07
8,I.43.31,x1*x2*x3 + log(1.0/x1) + log(x1),0.9999999999999888,9.894371e-07
9,I.43.31,x1*x2*x3 + log(1.0/x1) + log(x1),0.9999999999999888,9.894371e-07
0,I.43.43,2.0*x2*x4/(x3*(2.0*x1 - 2.0)),0.9999999999999852,1.1354685e-07
1,I.43.43,3.374*x2*x4/(x3*(3.375*x1 - 3.375)),0.9999998209101172,0.0005264963
2,I.43.43,1.7855747851581103*x2*x4/(x3*(1.785*x1 - 1.785)),0.9999997885471212,0.00057216105
3,I.43.43,x2*x4/(x3*(x1 - 1.0)),0.9999999999999886,1.0669231e-07
4,I.43.43,x2*x4/(x3*(x1 - 1.0)),0.9999999999999886,1.0669231e-07
5,I.43.43,1.8776863010719656*x2*x4/(x3*(1.878*x1 - 1.878)),0.9999999430701122,0.00029683084
6,I.43.43,3.524*x2*x4/(x3*(3.524*x1 - 3.524)),0.9999999999999852,1.1354685e-07
7,I.43.43,0.6064666628534412*x2*x4/(x3*(0.607*x1 - 0.607)),0.9999984254225528,0.0015612426
8,I.43.43,x2*x4/(x3*(x1 - 1.0)),0.9999999999999886,1.0669231e-07
9,I.43.43,x2*x4/(x3*(x1 - 1.0)),0.9999999999999886,1.0669231e-07
0,I.44.4,1.064*x1*x2*x3*(0.37*x5 - 0.911*log(1.26*x4) - 0.045) + 1.266,0.9830980998221728,1.8406501
1,I.44.4,-0.009*x1**2*x2*x4 + 0.011*x1**2*x2*x5 + 0.023*x1**2*x2 - 0.348*x1*x2*x3*x4 + 0.381*x1*x2*x3*x5 - 0.216*x1*x2*x3 + 1.509,0.9696782591476264,2.3164513
2,I.44.4,1.139*x1*x2*(-0.839*x4 + 0.928*x5 - 0.45)*log(1.088*x3) + 1.464,0.9633511227320112,2.4881086
3,I.44.4,-0.359*x1*x2*x3*x4 + 0.392*x1*x2*x3*x5 - 0.187*x1*x2*x3 + 1.597,0.9689848191544538,2.3154616
4,I.44.4,1.064*x1*x2*x3*(0.37*x5 - 0.911*log(1.26*x4) - 0.045) + 1.266,0.9830980998221728,1.8406501
5,I.44.4,1.064*x1*x2*x3*(0.37*x5 - 0.911*log(1.26*x4) - 0.045) + 1.266,0.9830980998221728,1.8406501
6,I.44.4,0.97*x1*x2*(-0.985*x4 + 1.089*x5 - 0.529)*log(1.089*x3) + 1.465,0.9633513630334104,2.4879618
7,I.44.4,1.064*x1*x2*x3*(0.37*x5 - 0.911*log(1.26*x4) - 0.045) + 1.266,0.9830980998221728,1.8406501
8,I.44.4,0.954*x1*x2*x3*(0.413*x5 - 1.016*log(1.05*x4) - 0.236) + 1.266,0.9831004291835744,1.8402214
9,I.44.4,-0.359*x1*x2*x3*x4 + 0.392*x1*x2*x3*x5 - 0.187*x1*x2*x3 + 1.598,0.968984757465353,2.3155618
0,I.47.23,0.552 + (1.593*x1*x2 + 1.531*x1 + 1.347*x2 - 3.856)/(1.218*x1 + 1.025*x2 + 4.383*x3 - 3.423),0.9984710959839124,0.021167064
1,I.47.23,0.133 + (1.367*x1**2*x2 + 4.722*x1**2 + 2.489*x1*x2*x3 + 3.365*x1*x3 + 0.133*x3**2 + 2.589)/(1.062*x1**2 + 9.193*x1*x3 + 2.46*x3**2 + 1.439),0.9976634719989732,0.025818953
2,I.47.23,(0.338*x1**2 + 2.765*x1*x2 + 0.289*x2**2 - 2.698)/(0.638*x1*x3 + 1.533*x1 + 0.751*x2*x3 + 0.982*x2 - 1.182) + 0.29,0.997649017487682,0.025250938
3,I.47.23,-2.019*log(6.194*x3) + 2.015*log(1.725*x1*x2 + 6.317*x3 + 0.008) + 0.489,0.9990667356685836,0.01643872
4,I.47.23,0.462 + (1.696*x1*x2*x3 + 3.485*x1 + 2.462*x2 + 0.218*x3 - 6.735)/(x3*(1.421*x1 + 1.082*x2 + 2.528*x3 + 0.1)),0.9989717384859508,0.016292788
5,I.47.23,0.056*x1*x2 - 0.091*x3 + 0.913 + 0.994*log(0.652*x1*x2)/x3,0.9987536927427296,0.017718913
6,I.47.23,-2.018*log(1.14*x3) + 2.014*log(0.759*x1*x2 + 2.777*x3 + 0.003) - 1.271,0.999065904084398,0.016369617
7,I.47.23,0.506 + (0.62*x1*x2**2 + 1.589*x1*x2 - 0.253*x1 + 0.495*x2*x3 - 1.078*x3 - 0.217)/(x2*(0.683*x1 + 2.176*x3 - 0.039)),0.9988733786605436,0.01720675
0,I.47.23,0.159 + (0.616*x1*x2 + 1.652*x1 + 0.25*x2*x3 + 0.085*x3 + 0.484)/(0.595*x1 + 2.257*x3 + 0.266),0.997200611299102,0.028046813
8,I.47.23,0.49 + (0.84*x1*x2**2 + 2.17*x1*x2 - 0.344*x1 + 0.719*x2*x3 - 1.461*x3 - 0.297)/(x2*(0.927*x1 + 2.951*x3 - 0.054)),0.9988728208372706,0.017081693
0,I.48.2,0.539 + (5.86*x1*x2**2 + 1.505*x1*x2*x3**2 - 2.114*x1*x2*x3 + 0.975*x1*x3**3 - 4.493)/(1.259*x2 + 1.001*x3 - 0.199),0.9999975539744494,0.11861706
1,I.48.2,0.539 + (5.86*x1*x2**2 + 1.505*x1*x2*x3**2 - 2.114*x1*x2*x3 + 0.975*x1*x3**3 - 4.493)/(1.259*x2 + 1.001*x3 - 0.199),0.9999975539744494,0.11861706
2,I.48.2,0.539 + (5.86*x1*x2**2 + 1.505*x1*x2*x3**2 - 2.114*x1*x2*x3 + 0.975*x1*x3**3 - 4.493)/(1.259*x2 + 1.001*x3 - 0.199),0.9999975539744494,0.11861706
3,I.48.2,0.539 + (5.86*x1*x2**2 + 1.505*x1*x2*x3**2 - 2.114*x1*x2*x3 + 0.975*x1*x3**3 - 4.493)/(1.259*x2 + 1.001*x3 - 0.199),0.9999975539744494,0.11861706
4,I.48.2,0.539 + (5.86*x1*x2**2 + 1.505*x1*x2*x3**2 - 2.114*x1*x2*x3 + 0.975*x1*x3**3 - 4.493)/(1.259*x2 + 1.001*x3 - 0.199),0.9999975539744494,0.11861706
5,I.48.2,0.988*x1*(2.438*x2*log(0.635*x2) + 1.01*x3**2 - 0.781*log(0.505*x2) + 1.255) + 0.04,0.9999898029720208,0.18489735
6,I.48.2,1.001*x1*(4.191*x2**2 + 0.848*x2*x3**2 - 0.957*x2*x3 + 1.002*x3**3 - 1.612)*sin(1/(0.696*x2 + 1.021*x3 - 0.154)) - 0.002,0.999998526863906,0.08679336
7,I.48.2,0.539 + (5.86*x1*x2**2 + 1.505*x1*x2*x3**2 - 2.114*x1*x2*x3 + 0.975*x1*x3**3 - 4.493)/(1.259*x2 + 1.001*x3 - 0.199),0.9999975539744494,0.11861706
8,I.48.2,0.942*x1*(4.51*x2**2 + 0.984*x2*x3**2 - 1.091*x2*x3 + 0.994*x3**3 - 1.921)/(0.775*x2 + 0.954*x3 - 0.136) - 0.002,0.9999958851172324,0.15894133
9,I.48.2,1.022*x1*(1.218*x2*log(1.016*x2) + 0.995*x3**2 - 0.248*x3 + 1.293) - 0.003,0.9999922812031984,0.1653442
0,I.50.26,-0.633 + (24.728*x1*x4**2 + 214.223*x1*cos(1.993*x2*x3) + 203.339*x4*cos(0.992*x2*x3) + 407.812)/(-56.018*x1 - 22.41*x4 + 400.466),0.8693902154156276,0.46838245
1,I.50.26,0.65*x1 + 1.004*x2 + 0.922*x3 + 0.726*x4 + 1.603*cos(2.045*x2*x3) - 5.195,0.6937062895697423,0.7443167
2,I.50.26,-0.803 + (-0.727*x1*cos(1.63*x2*x3) + 1.908*x2*x3 + 2.571*x2*cos(2.001*x2*x3) - 0.844)/(-0.886*x1 + 0.082*x2 + 4.563),0.7965169902332031,0.59897876
3,I.50.26,-0.803 + (-0.727*x1*cos(1.63*x2*x3) + 1.908*x2*x3 + 2.571*x2*cos(2.001*x2*x3) - 0.844)/(-0.886*x1 + 0.082*x2 + 4.563),0.7965169902332031,0.59897876
4,I.50.26,0.988 + (-0.038*x1*x3 + 0.6*x1*x4 + 0.988*x1*cos(0.988*x2*x3) + 0.205*x2*x3 + 0.006*x2*x4 + 1.251*x2*cos(2.006*x2*x3) - 1.809)/(-0.32*x1 + 0.445*x2 + 0.988),0.9218897325660588,0.40082395
5,I.50.26,-0.478 + (1.289*x1*x3*x4 + 6.765*x1*cos(0.998*x2*x3) + 7.236*x3*cos(2.003*x2*x3) + 6.18)/(-1.706*x1 + 3.797*x3 + 1.886),0.9172205540750498,0.39966348
6,I.50.26,-0.803 + (-0.727*x1*cos(1.63*x2*x3) + 1.908*x2*x3 + 2.571*x2*cos(2.001*x2*x3) - 0.844)/(-0.886*x1 + 0.082*x2 + 4.563),0.7965169902332031,0.59897876
7,I.50.26,-0.478 + (1.289*x1*x3*x4 + 6.765*x1*cos(0.998*x2*x3) + 7.236*x3*cos(2.003*x2*x3) + 6.18)/(-1.706*x1 + 3.797*x3 + 1.886),0.9172205540750498,0.39966348
8,I.50.26,-2.704 + (0.068*x1*x3*x4 + 2.371*x1*cos(0.996*x2*x3) + 2.491*x4*cos(2.002*x2*x3) + 11.786)/(-0.617*x1 - 0.577*x4 + 5.13),0.965140308349001,0.2662739
9,I.50.26,0.775*x4 + 1.955*cos(2.013*x2*x3) + 1.52*cos(2.009*x2 + 1.986*x3 - 3.929) + 0.032,0.7914146859870305,0.59868735
0,II.2.42,x1*x4*(-x2 + x3)/x5,0.9999999999999928,4.822016e-07
1,II.2.42,x1*x4*(-x2 + x3)/x5,0.9999999999999928,4.822016e-07
2,II.2.42,x1*x4*(-x2 + x3)/x5,0.9999999999999928,4.822016e-07
3,II.2.42,x1*x4*(-x2 + x3)/x5,0.9999999999999928,4.822016e-07
4,II.2.42,x1*x4*(-x2 + x3)/x5,0.9999999999999928,4.822016e-07
5,II.2.42,x1*x4*(-x2 + x3)/x5,0.9999999999999928,4.822016e-07
6,II.2.42,x1*x4*(-x2 + x3)/x5,0.9999999999999928,4.822016e-07
7,II.2.42,x1*x4*(-x2 + x3)/x5,0.9999999999999928,4.822016e-07
8,II.2.42,x1*x4*(-x2 + x3)/x5,0.9999999999999928,4.822016e-07
9,II.2.42,x1*x4*(-x2 + x3)/x5,0.9999999999999928,4.822016e-07
0,II.3.24,0.08*x1/x2**2,0.999953236673616,0.00024361379
1,II.3.24,0.08*x1/x2**2,0.999953236673616,0.00024361379
2,II.3.24,0.08*x1/x2**2,0.999953236673616,0.00024361379
3,II.3.24,0.07957566412229359*x1/x2**2,0.9999999991430936,1.0426389e-06
4,II.3.24,0.07957744770631985*x1/x2**2,0.9999999999998296,1.4216639e-08
5,II.3.24,0.07946*x1/x2**2,0.9999963853279792,6.773017e-05
6,II.3.24,0.079570703196395488*x1/x2**2,0.9999999879983136,3.902791e-06
7,II.3.24,0.07961*x1/x2**2,0.999999722856312,1.8754336e-05
8,II.3.24,(0.08*x1 + 0.016*cos(0.001*cos(6.253*x1)) - 0.016)/x2**2,0.9999532370628726,0.00024361261
9,II.3.24,0.0796014415283389*x1/x2**2,0.9999998495182768,1.3819714e-05
0,II.4.23,0.079587697763045511*x1/(x2*x3),0.9999999566624432,4.42978e-06
1,II.4.23,0.079578362717028359*x1/(x2*x3),0.9999999996712896,3.8602855e-07
2,II.4.23,0.07965*x1/(x2*x3),0.9999978195440188,3.1418247e-05
3,II.4.23,0.07965*x1/(x2*x3),0.9999978195440188,3.1418247e-05
4,II.4.23,0.07952807259307783*x1/(x2*x3),0.9999989884352756,2.1398822e-05
5,II.4.23,0.079576*x1/(x2*x3),0.999999999101226,6.3751827e-07
6,II.4.23,0.079578362717028359*x1/(x2*x3),0.9999999996712896,3.8602855e-07
7,II.4.23,0.079576*x1/(x2*x3),0.999999999101226,6.3751827e-07
8,II.4.23,0.07957748038548653*x1/(x2*x3),0.9999999999999593,3.7485735e-09
9,II.4.23,0.079576*x1/(x2*x3),0.999999999101226,6.3751827e-07
0,II.6.11,0.002 + 0.059*log(1.744*x2)*cos(1.039*x3)/(0.737*x1 + 1.914*x4 - 2.41),0.973614093092004,0.0021386181
1,II.6.11,0.002 + 0.111*log(1.743*x2)*cos(1.039*x3)/(1.388*x1 + 3.604*x4 - 4.538),0.9736306789490744,0.002135399
2,II.6.11,0.024*x2*cos(1.034*x3)/(0.529*x1 + 1.329*x4 - 1.72) + 0.002,0.9768916977377968,0.0019584433
3,II.6.11,0.001 + 0.709*log(1.665*x2)*cos(1.019*x3)/(-1.393*x1**2 + 10.467*x1*x4 + 2.376*x4**2 - 7.568),0.9936786791118912,0.0010017995
4,II.6.11,(0.026*x2 + 0.002)*cos(1.037*x3)/(0.596*x1 + 1.484*x4 - 1.917) + 0.002,0.977080416553698,0.0019657079
5,II.6.11,0.212*x2*cos(1.016*x3)/(-0.703*x1**2 + 5.553*x1*x4 + 1.221*x4**2 - 4.223),0.9935991827615788,0.0011121446
6,II.6.11,(-0.021*x1 - 0.291*x4 + 1.141)*cos(1.045*x3)/(-0.594*x1**2 + 6.315*x1*x4 - 1.07*x4**2 + 4.122) + 0.002,0.9097927539139644,0.0031705725
7,II.6.11,0.002 + 0.111*log(1.743*x2)*cos(1.039*x3)/(1.388*x1 + 3.604*x4 - 4.538),0.9736306789490744,0.002135399
8,II.6.11,0.091*cos(0.996*x3)/(1.218*x1 - 1.117*x2 + 2.788*x4 - 1.738),0.9764043266736724,0.001799999
9,II.6.11,0.006 + 0.236*cos(1.1*x3)/(x4*(1.425*x1 - 1.226*x2 + 3.986)),0.9340926038204168,0.003368898
0,II.6.15a,-0.184*x1*log(2.114*x2) - 0.277*x1*cos(1.29*x3) + 0.283 + 0.993*log(1.182*x2)/x3 + 1.591*cos(1.223*x3)/x3,0.9412342253037234,0.047185995
1,II.6.15a,-0.177*x1*log(2.224*x2) - 0.275*x1*cos(1.29*x3) + 0.192 + 0.968*log(1.41*x2)/x3 + 1.5*cos(1.241*x3)/x3,0.9414573733001648,0.046913613
2,II.6.15a,0.545 + (-0.252*x2*x3 + 0.637*x2 - 2.081*x3 + 1.855)/x3**2,0.912319213413613,0.045847636
3,II.6.15a,-0.266 + (0.56*log(0.662*x2) + 0.677*cos(1.982*x3) + 1.561)/x3**2,0.9070925617433312,0.054383375
4,II.6.15a,-0.266 + (0.56*log(0.662*x2) + 0.677*cos(1.982*x3) + 1.561)/x3**2,0.9070925617433312,0.054383375
5,II.6.15a,-0.105 + 0.096*log(4.553*x2)/(1.081*x3 - 0.941),0.9171321553919416,0.051477898
6,II.6.15a,0.545 + (-0.25*x2*x3 + 0.634*x2 - 2.086*x3 + 1.861)/x3**2,0.9123219310765384,0.045873642
7,II.6.15a,-0.422*log(1.005*x2) + 0.859 + 1.052*log(0.598*x2)/x3 - 2.888/x3 + 3.283/x3**2,0.90916017085762,0.05039396
8,II.6.15a,0.011 + (0.845*x3**2 - 4.096*x3 + 4.861)*log(1.212*x2)/x1,0.9160091670293868,0.05842415
9,II.6.15a,0.012 + (0.849*x3**2 - 4.113*x3 + 4.88)*log(1.208*x2)/x1,0.9160303994656191,0.058418117
0,II.6.15b,(-0.03*x1 - 0.036*x4 + 0.182)*sin(2.026*x3)/(-0.113*x1 + 2.001*x4 - 1.16),0.9449019166960436,0.0035530694
1,II.6.15b,(-0.038*x1 - 0.045*x4 + 0.229)*sin(2.026*x3)/(-0.143*x1 + 2.523*x4 - 1.462),0.9449559696500712,0.0035530224
2,II.6.15b,0.002 + 0.472*sin(2.035*x3)/(-1.598*x1**2 + 6.258*x1*x4 + 2.252*x4**2 - 4.888),0.9286694938917854,0.004535856
3,II.6.15b,0.002 + 33857.661*sin(2.018*x3)/(x4**2*(173523.076*x1 - 69424.52*x2 + 172942.756)),0.941333552811586,0.0041230274
4,II.6.15b,(-0.038*x1 - 0.045*x4 + 0.229)*sin(2.026*x3)/(-0.143*x1 + 2.523*x4 - 1.462),0.9449559696500712,0.0035530224
5,II.6.15b,(-0.04*x1 - 0.047*x4 + 0.238)*sin(2.026*x3)/(-0.148*x1 + 2.625*x4 - 1.524),0.9452697616715944,0.0035436684
6,II.6.15b,(-0.049*x1 - 0.059*x4 + 0.295)*sin(2.026*x3)/(-0.184*x1 + 3.251*x4 - 1.887),0.9453089536739137,0.0035385462
7,II.6.15b,0.002 + 0.472*sin(2.035*x3)/(-1.598*x1**2 + 6.258*x1*x4 + 2.252*x4**2 - 4.888),0.9286694938917854,0.004535856
8,II.6.15b,(-0.049*x1 - 0.059*x4 + 0.295)*sin(2.026*x3)/(-0.184*x1 + 3.251*x4 - 1.887),0.9453089536739137,0.0035385462
9,II.6.15b,0.553*sin(1.997*x3)/(-0.293*x1*x2 + 4.994*x1*x4 - 3.746*x2*x4 + 7.641*x4**2 - 4.028),0.9869646797441792,0.0020710728
0,II.8.7,0.04773948584082532*x1**2/(x2*x3),0.9999999581428284,1.0278849e-05
1,II.8.7,0.047746486675755554*x1**2/(x2*x3),0.9999999999999848,5.0198286e-09
2,II.8.7,0.04770171683401532*x1**2/(x2*x3),0.9999982874352588,6.575644e-05
3,II.8.7,0.04791*x1**2/(x2*x3),0.999977152837474,0.00024018285
4,II.8.7,0.04765630538071628*x1**2/(x2*x3),0.999993050915964,0.00013245923
5,II.8.7,0.0477464857670058*x1**2/(x2*x3),0.9999999999999803,5.0431117e-09
6,II.8.7,0.047676217359260401*x1**2/(x2*x3),0.9999957808596116,0.000103211634
7,II.8.7,0.047746483288270038*x1**2/(x2*x3),0.9999999999999885,3.5576522e-09
8,II.8.7,0.0476535952591988*x1**2/(x2*x3),0.9999926268687428,0.00013644063
9,II.8.7,0.04784*x1**2/(x2*x3),0.9999925271594396,0.0001373627
0,II.8.31,0.5000002180905502*x1*x2**2,0.999999999999582,6.3323973e-06
1,II.8.31,0.5002*x1*x2**2,0.9999996072934558,0.0060881246
2,II.8.31,0.5*x1*x2**2,0.9999999999999896,6.890297e-07
3,II.8.31,0.5*x1*x2**2,0.9999999999999896,6.890297e-07
4,II.8.31,0.5*x1*x2**2,0.9999999999999896,6.890297e-07
5,II.8.31,0.5002*x1*x2**2,0.9999996072934558,0.0060881246
6,II.8.31,0.4999999759051454*x1*x2**2,0.9999999999999738,1.2350082e-06
7,II.8.31,0.5*x1*x2**2,0.9999999999999896,6.890297e-07
8,II.8.31,x2*(4.005*x1**3*x2 + 4.002*x1**2*x2**2 + 1.002*x1*x2**3)/(8.009*x1**2 + 8.004*x1*x2 + 2.003*x2**2),0.9999999602702744,0.0019457925
9,II.8.31,0.5*x1*x2**2,0.9999999999999896,6.890297e-07
0,II.10.9,1.072*x1/(x2*(1.072*x3 + 1.072)),0.9999999999999916,9.797514e-09
1,II.10.9,x1/(x2*(x3 + 1.0)),0.9999999999999916,9.797514e-09
2,II.10.9,x1/(x2*(x3 + 1.0)),0.9999999999999916,9.797514e-09
3,II.10.9,x1/(x2*(x3 + 1.0)),0.9999999999999916,9.797514e-09
4,II.10.9,x1/(x2*(x3 + 1.0)),0.9999999999999916,9.797514e-09
5,II.10.9,x1/(x2*(x3 + 1.0)),0.9999999999999916,9.797514e-09
6,II.10.9,x1/(x2*(x3 + 1.0)),0.9999999999999916,9.797514e-09
7,II.10.9,x1/(x2*(x3 + 1.0)),0.9999999999999916,9.797514e-09
8,II.10.9,x1/(x2*(x3 + 1.0)),0.9999999999999916,9.797514e-09
9,II.10.9,x1/(x2*(x3 + 1.0)),0.9999999999999916,9.797514e-09
0,II.11.3,-0.022 + (2.361*x1 + 2.473*x2 + 1.572*x5 - 6.571)/(x3*x4**2),0.9716008082018844,0.0144126965
1,II.11.3,-0.022 + (2.361*x1 + 2.473*x2 + 1.572*x5 - 6.571)/(x3*x4**2),0.9716008082018844,0.0144126965
2,II.11.3,-0.022 + (2.361*x1 + 2.473*x2 + 1.572*x5 - 6.571)/(x3*x4**2),0.9716008082018844,0.0144126965
3,II.11.3,-0.022 + (2.361*x1 + 2.473*x2 + 1.572*x5 - 6.571)/(x3*x4**2),0.9716008082018844,0.0144126965
4,II.11.3,-0.022 + (2.361*x1 + 2.473*x2 + 1.572*x5 - 6.571)/(x3*x4**2),0.9716008082018844,0.0144126965
5,II.11.3,-0.022 + (2.361*x1 + 2.473*x2 + 1.572*x5 - 6.571)/(x3*x4**2),0.9716008082018844,0.0144126965
6,II.11.3,-0.022 + (2.361*x1 + 2.473*x2 + 1.572*x5 - 6.571)/(x3*x4**2),0.9716008082018844,0.0144126965
7,II.11.3,-0.022 + (2.361*x1 + 2.473*x2 + 1.572*x5 - 6.571)/(x3*x4**2),0.9716008082018844,0.0144126965
8,II.11.3,-0.022 + (2.361*x1 + 2.473*x2 + 1.572*x5 - 6.571)/(x3*x4**2),0.9716008082018844,0.0144126965
9,II.11.3,-0.022 + (2.361*x1 + 2.473*x2 + 1.572*x5 - 6.571)/(x3*x4**2),0.9716008082018844,0.0144126965
0,II.11.17,1.077*x2*log(0.765*x4) + 0.898*x3*log(0.915*x4) + 1.234*x5*cos(0.998*x4) + 1.235*x6*cos(1.039*x4) + 1.181,0.8140565006086972,0.47573924
1,II.11.17,1.077*x2*log(0.765*x4) + 0.898*x3*log(0.915*x4) + 1.234*x5*cos(0.998*x4) + 1.235*x6*cos(1.039*x4) + 1.181,0.8140565006086972,0.47573924
2,II.11.17,1.077*x2*log(0.765*x4) + 0.898*x3*log(0.915*x4) + 1.234*x5*cos(0.998*x4) + 1.235*x6*cos(1.039*x4) + 1.181,0.8140565006086972,0.47573924
3,II.11.17,1.077*x2*log(0.765*x4) + 0.898*x3*log(0.915*x4) + 1.234*x5*cos(0.998*x4) + 1.235*x6*cos(1.039*x4) + 1.181,0.8140565006086972,0.47573924
4,II.11.17,1.077*x2*log(0.765*x4) + 0.898*x3*log(0.915*x4) + 1.234*x5*cos(0.998*x4) + 1.235*x6*cos(1.039*x4) + 1.181,0.8140565006086972,0.47573924
5,II.11.17,1.077*x2*log(0.765*x4) + 0.898*x3*log(0.915*x4) + 1.234*x5*cos(0.998*x4) + 1.235*x6*cos(1.039*x4) + 1.181,0.8140565006086972,0.47573924
6,II.11.17,1.077*x2*log(0.765*x4) + 0.898*x3*log(0.915*x4) + 1.234*x5*cos(0.998*x4) + 1.235*x6*cos(1.039*x4) + 1.181,0.8140565006086972,0.47573924
7,II.11.17,1.077*x2*log(0.765*x4) + 0.898*x3*log(0.915*x4) + 1.234*x5*cos(0.998*x4) + 1.235*x6*cos(1.039*x4) + 1.181,0.8140565006086972,0.47573924
8,II.11.17,1.077*x2*log(0.765*x4) + 0.898*x3*log(0.915*x4) + 1.234*x5*cos(0.998*x4) + 1.235*x6*cos(1.039*x4) + 1.181,0.8140565006086972,0.47573924
9,II.11.17,1.077*x2*log(0.765*x4) + 0.898*x3*log(0.915*x4) + 1.234*x5*cos(0.998*x4) + 1.235*x6*cos(1.039*x4) + 1.181,0.8140565006086972,0.47573924
0,II.11.20,0.333202462557641*x1*x2**2*x3/(x4*x5),0.9999997976012004,0.002229427
1,II.11.20,0.333202462557641*x1*x2**2*x3/(x4*x5),0.9999997976012004,0.002229427
2,II.11.20,0.333202462557641*x1*x2**2*x3/(x4*x5),0.9999997976012004,0.002229427
3,II.11.20,0.333202462557641*x1*x2**2*x3/(x4*x5),0.9999997976012004,0.002229427
4,II.11.20,0.333202462557641*x1*x2**2*x3/(x4*x5),0.9999997976012004,0.002229427
5,II.11.20,0.333202462557641*x1*x2**2*x3/(x4*x5),0.9999997976012004,0.002229427
6,II.11.20,0.333202462557641*x1*x2**2*x3/(x4*x5),0.9999997976012004,0.002229427
7,II.11.20,0.333202462557641*x1*x2**2*x3/(x4*x5),0.9999997976012004,0.002229427
8,II.11.20,0.333202462557641*x1*x2**2*x3/(x4*x5),0.9999997976012004,0.002229427
9,II.11.20,0.333202462557641*x1*x2**2*x3/(x4*x5),0.9999997976012004,0.002229427
0,II.11.27,3.105*x1*x3*(0.947*x1*x2 + 1.502*x4 - 0.525)*sin(0.265*x2) + 0.004,0.9996220079104275,0.00826987
1,II.11.27,0.841*x3*x4*(0.849*x1**2*x2**2 + 0.896)*sin(1.401*x1*x2) - 0.004,0.9999779623286608,0.0024036793
2,II.11.27,3.105*x1*x3*(0.947*x1*x2 + 1.502*x4 - 0.525)*sin(0.265*x2) + 0.004,0.9996220079104275,0.00826987
3,II.11.27,0.725*x1*x2*x3*x4*(0.499*x1**2 + 0.682*x1*x2 + 1.117*cos(0.986*x1) + 0.208) + 0.004,0.9999380846675442,0.0034651072
4,II.11.27,0.716*x1*x2*x3*x4*(0.796*x1*x2 + 1.809*sin(1/(0.133*x1 + 0.137*x2 + 1.297)) + 0.159) + 0.002,0.9999507124257444,0.0027544377
5,II.11.27,0.878*x1*x2*x3*x4*(0.244*x1**2*x2 + 0.501*x1*x2*x3 + 1.133*x3 + 0.113)/(0.073*x1 + 1.001*x3 + 0.108) + 0.002,0.9999581083184552,0.0026549518
6,II.11.27,0.964*x1*x4*(0.671*x1*x2 + 1.264*x2*x3 - 0.362*sin(1.172*x2*(1.41*x1 + 0.499*x3 - 0.056)) - 0.003) - 0.003,0.999957719304128,0.0030080432
7,II.11.27,0.725*x1*x2*x3*x4*(0.499*x1**2 + 0.682*x1*x2 + 1.117*cos(0.986*x1) + 0.208) + 0.004,0.9999380846675442,0.0034651072
8,II.11.27,0.592*x1*x2*x3*x4*(0.842*x1*x2 + 0.448*x2**2 + 1.41*cos(0.832*x2) + 0.214) + 0.004,0.9999364476240328,0.0034732774
9,II.11.27,-0.032*x1**3*x2**2*x4 + 0.514*x1**2*x2**2*x3*x4 + 0.954*x1*x2*x3*x4 + 0.004,0.999937047130492,0.0037020796
0,II.11.28,0.098 + (2.295*x1*x2 + 2.958)/(-1.093*x1*x2 + 3.28),0.9999997645655776,0.00012689232
1,II.11.28,1.276*x1**2*x2**2 + 0.994*x1*x2 + 0.977*cos(1.356*x1*x2) + 0.023,0.9999996649361704,0.00013376713
2,II.11.28,(-2.0*x1*x2 - 3.0)/(x1*x2 - 3.0),0.9999999999999846,9.536743e-09
3,II.11.28,1.272*x1**2*x2**2 + 0.994*x1*x2 + 0.968*cos(1.36*x1*x2) + 0.033,0.9999914741939078,0.0007839262
4,II.11.28,1.283*x1**2*x2**2 + 0.994*x1*x2 + 0.994*cos(1.35*x1*x2) + 0.006,0.9999994295369748,0.00018479467
5,II.11.28,1.03*x1**2*x2**2 + 0.994*x1*x2 + 1.009*cos(0.805*x1*x2)**2 - 0.009,0.9999991725811826,0.00022524953
6,II.11.28,1.285*x1**2*x2**2 + 0.994*x1*x2 + 0.998*cos(1.349*x1*x2) + 0.002,0.9999992427584536,0.00021006941
7,II.11.28,1.277*x1**2*x2**2 + 0.994*x1*x2 + 0.98*cos(1.355*x1*x2) + 0.021,0.9999905398045592,0.0008300328
8,II.11.28,0.139 + (0.913*x1*x2 + 1.102)/(-0.427*x1*x2 + 1.28),0.9999993216069948,0.00013983608
9,II.11.28,1.283*x1**2*x2**2 + 0.994*x1*x2 + 0.993*cos(1.351*x1*x2) + 0.007,0.9999991608166914,0.00021974325
0,II.13.17,-0.003 + 0.684*log(1.214*x3)/(x4*(-0.327*x1**2 + 3.288*x1*x2 + 0.983*x2**2 - 3.243)),0.990026537489102,0.001739918
1,II.13.17,-0.001 + (-0.035*x1 + 0.166*x3 + 0.093)/(x2*x4*(1.117*x1 + 1.812*x2 - 1.975)),0.9942444238815348,0.0013487196
2,II.13.17,-0.003 + 0.684*log(1.214*x3)/(x4*(-0.327*x1**2 + 3.288*x1*x2 + 0.983*x2**2 - 3.243)),0.990026537489102,0.001739918
3,II.13.17,0.1591353921877467*x3/(x1*x2**2*x4),0.9999999793029434,1.8219102e-06
4,II.13.17,0.1592*x3/(x1*x2**2*x4),0.9999998901526768,4.197826e-06
5,II.13.17,-0.002 + 0.136*x3/(x2*x4*(1.047*x1 + 1.393*x2 - 1.852)),0.992662745914175,0.0015726538
6,II.13.17,0.159*x3/(x1*x2**2*x4),0.9999987007222506,1.4436588e-05
7,II.13.17,0.1591*x3/(x1*x2**2*x4),0.9999998365930892,5.1194884e-06
8,II.13.17,16.383/(x2**2*x4*(24.235*x1 - 17.473*x3 + 76.048)),0.9822765816447858,0.0018419084
9,II.13.17,0.727*log(1.176*x3)/(x2*(1.283*x1*x2 + 1.669*x1*x4 + 2.473*x2*x4 - 0.289*x4**2 - 6.704)),0.992893330273041,0.0015348924
0,II.13.23,-0.697 + (-1.382*x1*x2 + 1.443*x1*x3 + 0.089*x2**2 - 1.442*x2 + 1.018*x3 + 0.286)/(-1.633*x2 + 1.466*x3 + 0.022),0.9999767858955678,0.0041914987
1,II.13.23,-0.697 + (-1.382*x1*x2 + 1.443*x1*x3 + 0.089*x2**2 - 1.442*x2 + 1.018*x3 + 0.286)/(-1.633*x2 + 1.466*x3 + 0.022),0.9999767858955678,0.0041914987
2,II.13.23,0.013 + (-1.432*x1*x2 + 1.495*x1*x3 + 0.097*x2**2 - 0.31*x2 - 0.024*x3 + 0.296)/(-1.693*x2 + 1.518*x3 + 0.024),0.9999785992188512,0.0042017996
3,II.13.23,-0.658 + (-0.865*x1*x2**2 + 0.899*x1*x2*x3 - 0.674*x2**2 + 0.597*x2*x3 + 0.049)/(x2*(-1.022*x2 + 0.912*x3 + 0.018)),0.9999735753007724,0.00494385
4,II.13.23,-1.102 + (-1.17*x1*x2 + 1.222*x1*x3 + 0.081*x2**2 - 1.798*x2 + 1.364*x3 + 0.266)/(-1.383*x2 + 1.241*x3 + 0.019),0.9999786886670512,0.004204116
5,II.13.23,0.551 + (-1.301*x1*x2 + 1.351*x1*x3 + 0.828*x2 - 0.759*x3 + 0.037)/(-1.532*x2 + 1.371*x3 + 0.017),0.9999736656156858,0.0049221576
6,II.13.23,(-1.351*x1*x2**2 + 1.181*x1*x2*x3 + 1.2*x1*x3**2 + 0.003)/(-2.214*x2**2 + 1.229*x2*x3 + 1.197*x3**2 + 0.003),0.9999998862884047,0.00026134014
7,II.13.23,0.997*x1*(1.386 - 1.001*x3**2)/(1.574*x2 - 0.997*x3**2 + 0.118) - 0.001,0.9999780180252806,0.0033872116
8,II.13.23,0.911*x1*(-1.866*x2**2 + 2.258*x2*x3 + 1.131*x3**2 - 1.648)/(-2.675*x2**2 + 2.136*x2*x3 + 1.024*x3**2 - 1.415),0.9999965948297096,0.001927942
9,II.13.23,0.348 + (-0.872*x1*x2 + 0.906*x1*x3 + 0.346*x2 - 0.322*x3 + 0.027)/(-1.028*x2 + 0.92*x3 + 0.011),0.9999752532877793,0.0046866583
0,II.13.34,-0.994 + (-0.961*x1*x2**2 + 1.023*x1*x2*x3 - 1.17*x2 + 1.04*x3 + 0.041)/(-1.147*x2 + 1.042*x3 + 0.009),0.9999785483621128,0.0075479057
1,II.13.34,0.835*x1*x2*(0.538*x2**2 - 1.465*x2*x3 + 1.848*x3**2 - 0.518)/(x3*(-1.267*x2 + 1.557*x3 - 0.175)) - 0.003,0.999994378647414,0.0036582316
2,II.13.34,1.072*x2*(-1.474*x1*x2 + 1.595*x1*x3 - 0.065*x2*log(0.828*x1) - 0.065)/(-1.91*x2 + 1.743*x3 - 0.006) + 0.01,0.9999795285470024,0.007642715
3,II.13.34,0.286*x1*x2*(-0.001*x1**2*x3**2 - 0.001*x1*x2*x3**2 + 0.011*x1*x3**3 - 0.001*x1*x3 - 26.014*x2**2*x3**2 + 36.371*x2*x3**3 - 0.001*x2*x3 - 0.001*x3**4 - 0.001*x3**2 + 0.999)/(x3**2*(-0.001*x1**2 + 0.024*x1*x2 - 0.001*x1*x3 - 10.434*x2**2 + 11.081*x2*x3 - 0.05*x3**2 + 0.033)) - 0.001,0.9999859447155636,0.00619099
4,II.13.34,-1.572 + (-1.498*x1*x2**2 + 1.594*x1*x2*x3 - 2.855*x2 + 2.561*x3 + 0.068)/(-1.787*x2 + 1.625*x3 + 0.014),0.9999789649362512,0.0063224947
5,II.13.34,-0.268 + (-0.807*x1*x2**2 + 0.859*x1*x2*x3 - 0.284*x2 + 0.238*x3 + 0.029)/(-0.963*x2 + 0.876*x3 + 0.008),0.9999695035948302,0.0073104654
6,II.13.34,1.126*x1*x2*(-1.305*x2**2 + 1.187*x2*x3 + 1.052*x3**2 + 0.019)/(-2.368*x2**2 + 1.396*x2*x3 + 1.181*x3**2 + 0.021),0.9999993380661084,0.0014729679
7,II.13.34,0.996*x1*x2*(1.354 - 1.001*x3**2)/(1.599*x2 - 0.996*x3**2 + 0.047),0.999984729816826,0.0052664746
8,II.13.34,1.126*x1*x2*(-1.305*x2**2 + 1.187*x2*x3 + 1.052*x3**2 + 0.019)/(-2.368*x2**2 + 1.396*x2*x3 + 1.181*x3**2 + 0.021),0.9999993380661084,0.0014729679
9,II.13.34,0.967*x1*(-2.31*x2**2 + 2.417*x2*x3 + 0.191)/(-2.72*x2 + 2.381*x3 + 0.238) + 0.002,0.9999842455699564,0.0062382687
0,II.15.4,-x1*x2*cos(x3),0.999999999999963,5.703792e-07
1,II.15.4,-x1*x2*cos(x3),0.999999999999963,5.703792e-07
2,II.15.4,-x1*x2*cos(x3),0.999999999999963,5.703792e-07
3,II.15.4,-x1*x2*cos(x3),0.999999999999963,5.703792e-07
4,II.15.4,-x1*x2*cos(x3),0.999999999999963,5.703792e-07
5,II.15.4,-x1*x2*cos(x3),0.999999999999963,5.703792e-07
6,II.15.4,-x1*x2*cos(x3),0.999999999999963,5.703792e-07
7,II.15.4,-x1*x2*cos(x3),0.999999999999963,5.703792e-07
8,II.15.4,-x1*x2*cos(x3),0.999999999999963,5.703792e-07
9,II.15.4,-x1*x2*cos(x3),0.999999999999963,5.703792e-07
0,II.15.5,-x1*x2*cos(x3),0.999999999999963,5.703792e-07
1,II.15.5,-x1*x2*cos(x3),0.999999999999963,5.703792e-07
2,II.15.5,-x1*x2*cos(x3),0.999999999999963,5.703792e-07
3,II.15.5,-x1*x2*cos(x3),0.999999999999963,5.703792e-07
4,II.15.5,-x1*x2*cos(x3),0.999999999999963,5.703792e-07
5,II.15.5,-x1*x2*cos(x3),0.999999999999963,5.703792e-07
6,II.15.5,-x1*x2*cos(x3),0.999999999999963,5.703792e-07
7,II.15.5,-x1*x2*cos(x3),0.999999999999963,5.703792e-07
8,II.15.5,-x1*x2*cos(x3),0.999999999999963,5.703792e-07
9,II.15.5,-x1*x2*cos(x3),0.999999999999963,5.703792e-07
0,II.21.32,0.226*x1/(x3*(2.306*x2 + 0.264*x5 - 1.857)) + 0.003,0.9792693924663916,0.0033443398
1,II.21.32,0.002 + (1.155*x1 - 0.641)/(x2*x3*(0.828*x1 + 0.686*x5 + 1.935)),0.9761082015801285,0.003332527
2,II.21.32,0.002 + (1.193*x1 - 0.664)/(x2*x3*(0.858*x1 + 0.708*x5 + 1.988)),0.97610409185562,0.003332845
3,II.21.32,0.004 + 0.9*log(1.117*x1)/(x3*(3.496*x2 + 0.394*x5 - 2.813)),0.9736754706706672,0.0041419845
4,II.21.32,0.226*x1/(x3*(2.306*x2 + 0.264*x5 - 1.857)) + 0.003,0.9792693924663916,0.0033443398
5,II.21.32,0.004 + 0.9*log(1.117*x1)/(x3*(3.496*x2 + 0.394*x5 - 2.813)),0.9736754706706672,0.0041419845
6,II.21.32,0.004 + 0.9*log(1.117*x1)/(x3*(3.496*x2 + 0.394*x5 - 2.813)),0.9736754706706672,0.0041419845
7,II.21.32,0.004 + 0.9*log(1.117*x1)/(x3*(3.496*x2 + 0.394*x5 - 2.813)),0.9736754706706672,0.0041419845
8,II.21.32,0.004 + 0.9*log(1.117*x1)/(x3*(3.496*x2 + 0.394*x5 - 2.813)),0.9736754706706672,0.0041419845
9,II.21.32,0.004 + 0.9*log(1.117*x1)/(x3*(3.496*x2 + 0.394*x5 - 2.813)),0.9736754706706672,0.0041419845
0,II.24.17,0.534 + (0.542*x1*x2 + 1.902*x1*x3 - 10.261*x2 + 6.775)/(x2*(-0.544*x2 + 2.103*x3 + 0.607)),0.9997465283705288,0.011393286
1,II.24.17,0.994*x1/x2 - 0.609*x2*sin(1/(0.586*x1 + 2.098*x3 - 5.161)) + 0.073,0.9999278724931896,0.0059905923
2,II.24.17,0.3 + (-0.156*x1*x2 + 1.779*x1*x3 - 5.782*x2 + 3.626)/(x2*(-0.802*x2 + 1.859*x3 + 0.402)),0.9998903312770396,0.0073315026
3,II.24.17,0.838 + (-0.154*x1*x2 + 0.801*x1*x3 + 0.415*x2**2 - 0.468*x2*x3 - 2.889*x2 + 1.724)/(x2*(-0.402*x2 + 0.838*x3 + 0.128)),0.9998985863818894,0.0074076783
4,II.24.17,1.111 + (0.537*x1**3 + 1.234*x1**2*x3 + 0.416*x1*x2*x3 - 11.258*x1*x2 - 1.317*x2*x3**2 + 5.068*x2*x3 + 7.407)/(x1*x2*(0.605*x1 + 1.507*x3 - 1.226)),0.99984264420229,0.007822868
5,II.24.17,0.322*x1/x3 + 0.905*x1/x2 - 0.447*x2/x3 + 0.482 - 2.857/x3 - 0.124*x3/x2 + 0.829/x2,0.999892868883978,0.0068657086
6,II.24.17,0.202 + (-1.275*x1*x2 + 3.665*x1*x3 - 5.911*x2 + 1.342)/(x2*(-1.727*x2 + 3.781*x3 - 0.209)),0.999926677506601,0.005847597
7,II.24.17,0.507 + (0.157*x1*x2 + 1.379*x1*x3 - 5.456*x2 + 2.667)/(x2*(-0.268*x2 + 1.526*x3 - 0.056)),0.9998284255020848,0.009690706
8,II.24.17,0.505 + (0.179*x1*x2 + 1.446*x1*x3 - 5.63*x2 + 2.582)/(x2*(-0.25*x2 + 1.599*x3 - 0.097)),0.9998328380202188,0.009399338
9,II.24.17,0.185 + (0.995*x1**2*x3 + 1.143*x1*x3**2 - 4.618*x2**2 - 4.922)/(x2*x3*(1.042*x1 + 1.321*x3 - 0.917)),0.9999305899339722,0.005447718
0,II.27.16,x1*x2*x3**2 + log(1.0/x1) + log(x1),0.9999999999999872,4.9090386e-06
1,II.27.16,x1*x2*x3**2 + log(1/(x1 + x3)) + log(x1 + x3),0.9999999999999872,4.9090386e-06
2,II.27.16,x1*x2*x3**2 + log(1.0/x1) + log(x1),0.9999999999999872,4.9090386e-06
3,II.27.16,x1*x2*x3**2 + log(1.0/x2) + log(x2),0.9999999999999872,4.925728e-06
4,II.27.16,x1*x2*x3**2 + log(1.0/x2) + log(x2),0.9999999999999872,4.925728e-06
5,II.27.16,x1*x2*x3**2 + log(1.0/x2) + log(x2),0.9999999999999872,4.925728e-06
6,II.27.16,x1*x2*x3**2 + log(1.0/x2) + log(x2),0.9999999999999872,4.925728e-06
7,II.27.16,x1*x2*x3**2 + log(1.0/x2) + log(x2),0.9999999999999872,4.925728e-06
8,II.27.16,x1*x2*x3**2 + log(1.0/x2) + log(x2),0.9999999999999872,4.925728e-06
9,II.27.16,x1*x2*x3**2 + log(1.0/x2) + log(x2),0.9999999999999872,4.925728e-06
0,II.27.18,x1*x2**2 + log(1/(x1 + x2)) + log(x1 + x2),0.9999999999999896,1.3732911e-06
1,II.27.18,x1*x2**2 + log(1.0/x2) + log(x2),0.9999999999999892,1.4162064e-06
2,II.27.18,x1*x2**2 + log(1.0/x1) + log(x1),0.9999999999999896,1.3685226e-06
3,II.27.18,x1*x2**2,0.9999999999999896,1.3780594e-06
4,II.27.18,x1*x2**2 + log(1.0/x1) + log(x1),0.9999999999999896,1.3685226e-06
5,II.27.18,x1*x2**2 + log(1/(x1 + x2)) + log(x1 + x2),0.9999999999999896,1.3732911e-06
6,II.27.18,x1*x2*(x2 + log(1.0/x1) + log(x1)),0.9999999999999886,1.4376641e-06
7,II.27.18,x1*x2*(x2 + log(1.0/x1) + log(x1)),0.9999999999999886,1.4376641e-06
8,II.27.18,x1*x2*(x2 + log(1.0/x1) + log(x1)),0.9999999999999886,1.4376641e-06
9,II.27.18,x1*x2*(x2 + log(1.0/x1) + log(x1)),0.9999999999999886,1.4376641e-06
0,II.34.2a,0.159*x1*x2/x3,0.9999976581376536,0.00053593836
1,II.34.2a,0.159*x1*x2/x3,0.9999976581376536,0.00053593836
2,II.34.2a,0.159*x1*x2/x3,0.9999976581376536,0.00053593836
3,II.34.2a,0.159*x1*x2/x3,0.9999976581376536,0.00053593836
4,II.34.2a,0.159*x1*x2/x3,0.9999976581376536,0.00053593836
5,II.34.2a,0.159*x1*x2/x3,0.9999976581376536,0.00053593836
6,II.34.2a,0.159*x1*x2/x3,0.9999976581376536,0.00053593836
7,II.34.2a,0.159*x1*x2/x3,0.9999976581376536,0.00053593836
0,II.34.2a,0.159*x1*x2/x3,0.9999976581376536,0.00053593836
8,II.34.2a,0.159*x1*x2/x3,0.9999976581376536,0.00053593836
0,II.34.2,0.5*x1*x2*x3,0.9999999999999888,4.7326088e-07
1,II.34.2,0.5*x1*x2*x3,0.9999999999999888,4.7326088e-07
2,II.34.2,0.5*x1*x2*x3,0.9999999999999888,4.7326088e-07
3,II.34.2,0.5*x1*x2*x3,0.9999999999999888,4.7326088e-07
4,II.34.2,0.5*x1*x2*x3,0.9999999999999888,4.7326088e-07
5,II.34.2,0.5*x1*x2*x3,0.9999999999999888,4.7326088e-07
6,II.34.2,0.5*x1*x2*x3,0.9999999999999888,4.7326088e-07
7,II.34.2,0.5*x1*x2*x3,0.9999999999999888,4.7326088e-07
8,II.34.2,0.5*x1*x2*x3,0.9999999999999888,4.7326088e-07
0,II.34.2,0.5*x1*x2*x3,0.9999999999999888,4.7326088e-07
0,II.34.11,0.50000000004888624*x1*x2*x3/x4,0.9999999999999954,1.7404557e-07
1,II.34.11,0.5*x1*x2*x3/x4,0.9999999999999954,1.7404557e-07
2,II.34.11,0.5*x1*x2*x3/x4,0.9999999999999954,1.7404557e-07
3,II.34.11,0.5*x1*x2*x3/x4,0.9999999999999954,1.7404557e-07
4,II.34.11,0.500191294907673*x1*x2*x3/x4,0.9999996894551462,0.001956353
5,II.34.11,0.49999999168076025*x1*x2*x3/x4,0.9999999999999956,1.8596648e-07
6,II.34.11,0.50012282995209137*x1*x2*x3/x4,0.999999871965376,0.0012561587
7,II.34.11,0.501*x1*x2*x3/x4,0.999991513479886,0.010227088
8,II.34.11,0.5*x1*x2*x3/x4,0.9999999999999954,1.7404557e-07
9,II.34.11,0.5*x1*x2*x3/x4,0.9999999999999954,1.7404557e-07
0,II.34.29a,0.079562*x1*x2/x3,0.9999999065981076,5.3516775e-05
1,II.34.29a,0.07954*x1*x2/x3,0.9999994521116758,0.00012961421
2,II.34.29a,0.079588*x1*x2/x3,0.999999956745961,3.641557e-05
3,II.34.29a,0.07957747063558564*x1*x2/x3,0.999999999999992,1.1250377e-08
4,II.34.29a,0.08*x1*x2/x3,0.9999303380017902,0.0014614938
5,II.34.29a,0.08*x1*x2/x3,0.9999303380017902,0.0014614938
6,II.34.29a,0.08*x1*x2/x3,0.9999303380017902,0.0014614938
7,II.34.29a,0.079582887803381682*x1*x2/x3,0.9999999885536326,1.8732586e-05
8,II.34.29a,0.079577475529242428*x1*x2/x3,0.9999999999999856,1.3895333e-08
9,II.34.29a,0.079577472827185927*x1*x2/x3,0.9999999999999916,9.723007e-09
0,II.34.29b,6.283*x1*x3*x4*x5/x2,0.9999999983386848,0.006147833
1,II.34.29b,6.2829807706646624*x1*x3*x4*x5/x2,0.999999997977475,0.0067836954
2,II.34.29b,6.28*x1*x3*x4*x5/x2,0.9999995095289708,0.10565062
3,II.34.29b,6.2831855645319238*x1*x3*x4*x5/x2,0.9999999999999934,9.57489e-06
4,II.34.29b,6.281360954764309*x1*x3*x4*x5/x2,0.9999998391092184,0.060510837
5,II.34.29b,6.285*x1*x3*x4*x5/x2,0.9999998408048244,0.060190115
6,II.34.29b,6.283*x1*x3*x4*x5/x2,0.9999999983386848,0.006147833
7,II.34.29b,6.281651632544078*x1*x3*x4*x5/x2,0.9999998862826488,0.050871085
8,II.34.29b,6.2831850831209204*x1*x3*x4*x5/x2,0.9999999999999905,1.1386871e-05
9,II.34.29b,6.2816*x1*x3*x4*x5/x2,0.9999998785111976,0.05258199
0,II.35.18,0.304*x1 + 0.228*x2 + 0.231*x3 - 0.113*x4*x5 - 0.477,0.9335091056655764,0.063278936
1,II.35.18,0.304*x1 + 0.228*x2 + 0.231*x3 - 0.113*x4*x5 - 0.477,0.9335091056655764,0.063278936
2,II.35.18,1.797 + (1.797*x1*x2 + 1.139*x1*x3 - 0.468*x1*x4 - 0.116*x2 + 1.472*x3 - 2.425*x4 - 25.646)/(-0.384*x1 - 2.802*x5 + 21.45),0.9458655843974618,0.05531635
3,II.35.18,0.304*x1 + 0.228*x2 + 0.231*x3 - 0.113*x4*x5 - 0.477,0.9335091056655764,0.063278936
4,II.35.18,-0.054*x1*x4*x5 + 0.509*x1 + 0.217*x2 + 0.002*x3*x4*x5 + 0.196*x3 - 0.823,0.9388814640220996,0.057633676
5,II.35.18,0.296*x1 + 0.223*x2 + 0.237*x3 - 0.222*x4 - 0.228*x5 - 0.018,0.9228558328590792,0.06672353
6,II.35.18,0.304*x1 + 0.228*x2 + 0.231*x3 - 0.113*x4*x5 - 0.477,0.9335091056655764,0.063278936
7,II.35.18,-0.073*x1*x5 + 0.451*x1 + 0.035*x2*x5 + 0.154*x2 + 0.044*x3*x5 + 0.129*x3 - 0.123*x4*x5 + 0.026*x4 - 0.458,0.9426709083302128,0.058329973
8,II.35.18,0.511 + (0.457*x1*x2*x3 + 0.018*x1*x5 - 0.715*x4*x5 - 0.092)/(x2*(-0.455*x1 + 0.375*x4 + 3.811)),0.9402857941394784,0.05410202
9,II.35.18,0.304*x1 + 0.228*x2 + 0.231*x3 - 0.113*x4*x5 - 0.477,0.9335091056655764,0.063278936
0,II.35.21,0.97*x1*x2 - 0.988*x1/x3 + 1.351*sin(1.048*x4) + 1.443 - 1.934*x5/x3,0.9616657031326332,0.74642026
1,II.35.21,0.97*x1*x2 - 0.988*x1/x3 + 1.351*sin(1.048*x4) + 1.443 - 1.934*x5/x3,0.9616657031326332,0.74642026
2,II.35.21,0.97*x1*x2 - 0.988*x1/x3 + 1.351*sin(1.048*x4) + 1.443 - 1.934*x5/x3,0.9616657031326332,0.74642026
3,II.35.21,0.97*x1*x2 - 0.988*x1/x3 + 1.351*sin(1.048*x4) + 1.443 - 1.934*x5/x3,0.9616657031326332,0.74642026
4,II.35.21,0.97*x1*x2 - 0.988*x1/x3 + 1.351*sin(1.048*x4) + 1.443 - 1.934*x5/x3,0.9616657031326332,0.74642026
5,II.35.21,0.97*x1*x2 - 0.988*x1/x3 + 1.351*sin(1.048*x4) + 1.443 - 1.934*x5/x3,0.9616657031326332,0.74642026
6,II.35.21,0.97*x1*x2 - 0.988*x1/x3 + 1.351*sin(1.048*x4) + 1.443 - 1.934*x5/x3,0.9616657031326332,0.74642026
7,II.35.21,0.97*x1*x2 - 0.988*x1/x3 + 1.351*sin(1.048*x4) + 1.443 - 1.934*x5/x3,0.9616657031326332,0.74642026
8,II.35.21,0.97*x1*x2 - 0.988*x1/x3 + 1.351*sin(1.048*x4) + 1.443 - 1.934*x5/x3,0.9616657031326332,0.74642026
9,II.35.21,0.97*x1*x2 - 0.988*x1/x3 + 1.351*sin(1.048*x4) + 1.443 - 1.934*x5/x3,0.9616657031326332,0.74642026
0,II.36.38,0.081 + (1.181*x1*x2 + 1.079*sin(1.875*x7) + 0.664)/(x3*x4),0.8526202163089616,0.23751886
1,II.36.38,0.081 + (1.181*x1*x2 + 1.079*sin(1.875*x7) + 0.664)/(x3*x4),0.8526202163089616,0.23751886
2,II.36.38,0.081 + (1.181*x1*x2 + 1.079*sin(1.875*x7) + 0.664)/(x3*x4),0.8526202163089616,0.23751886
3,II.36.38,0.081 + (1.181*x1*x2 + 1.079*sin(1.875*x7) + 0.664)/(x3*x4),0.8526202163089616,0.23751886
4,II.36.38,0.802*x1*(0.971*x2 + 0.597*x8 + 0.563)/(x3*x4) - 0.088,0.8742779373200987,0.24680454
5,II.36.38,0.081 + (1.181*x1*x2 + 1.079*sin(1.875*x7) + 0.664)/(x3*x4),0.8526202163089616,0.23751886
6,II.36.38,0.081 + (1.181*x1*x2 + 1.079*sin(1.875*x7) + 0.664)/(x3*x4),0.8526202163089616,0.23751886
7,II.36.38,0.081 + (1.181*x1*x2 + 1.079*sin(1.875*x7) + 0.664)/(x3*x4),0.8526202163089616,0.23751886
8,II.36.38,-0.082 + (0.575*x1*x2 + 0.965*x1*x8 + 0.439*x2 - 1.056*x8 + 0.98)/(x3*x4),0.8797603890986179,0.24494432
9,II.36.38,0.081 + (1.181*x1*x2 + 1.079*sin(1.875*x7) + 0.664)/(x3*x4),0.8526202163089616,0.23751886
0,II.37.1,x1*x2*x3 + x1*x2,0.999999999999986,1.411438e-06
1,II.37.1,x1*x2*x3 + x1*x2,0.999999999999986,1.411438e-06
2,II.37.1,x1*x2*x3 + x1*x2,0.999999999999986,1.411438e-06
3,II.37.1,x1*x2*x3 + x1*x2,0.999999999999986,1.411438e-06
4,II.37.1,x1*x2*x3 + x1*x2,0.999999999999986,1.411438e-06
5,II.37.1,x1*x2*x3 + x1*x2,0.999999999999986,1.411438e-06
6,II.37.1,x1*x2*x3 + x1*x2,0.999999999999986,1.411438e-06
7,II.37.1,x1*x2*x3 + x1*x2,0.999999999999986,1.411438e-06
8,II.37.1,x1*x2*x3 + x1*x2,0.999999999999986,1.411438e-06
9,II.37.1,x1*x2*x3 + x1*x2,0.999999999999986,1.411438e-06
0,II.38.3,x1*x2*x4/x3,0.9999999999999934,4.6670436e-07
1,II.38.3,x1*x2*x4/x3,0.9999999999999934,4.6670436e-07
2,II.38.3,x1*x2*x4/x3,0.9999999999999934,4.6670436e-07
3,II.38.3,x1*x2*x4/x3,0.9999999999999934,4.6670436e-07
4,II.38.3,x1*x2*x4/x3,0.9999999999999934,4.6670436e-07
5,II.38.3,x1*x2*x4/x3,0.9999999999999934,4.6670436e-07
6,II.38.3,x1*x2*x4/x3,0.9999999999999934,4.6670436e-07
7,II.38.3,x1*x2*x4/x3,0.9999999999999934,4.6670436e-07
8,II.38.3,x1*x2*x4/x3,0.9999999999999934,4.6670436e-07
9,II.38.3,x1*x2*x4/x3,0.9999999999999934,4.6670436e-07
0,II.38.14,x1/(2.0*x2 + 2.0),0.9999999999999918,8.121133e-09
1,II.38.14,x1/(2.0*x2 + 2.0),0.9999999999999918,8.121133e-09
2,II.38.14,2.508*x1/(5.016*x2 + 5.016),0.9999999999999918,8.121133e-09
3,II.38.14,x1/(2.0*x2 + 2.0),0.9999999999999918,8.121133e-09
4,II.38.14,0.499*x1/(0.998*x2 + 0.998),0.9999999999999918,8.121133e-09
5,II.38.14,x1/(2.0*x2 + 2.0),0.9999999999999918,8.121133e-09
6,II.38.14,0.5*x1/(x2 + 1.0),0.9999999999999918,8.121133e-09
7,II.38.14,x1/(2.0*x2 + 2.0),0.9999999999999918,8.121133e-09
8,II.38.14,1.646*x1/(3.291*x2 + 3.291),0.999999609354726,0.000120449666
9,II.38.14,x1/(2.0*x2 + 2.0),0.9999999999999918,8.121133e-09
0,III.4.32,18.88*x3*x4/(3.012*x1*x2 - 0.01) - 0.466,0.9999977961696171,0.00894651
1,III.4.32,-0.464 + 1.342*x3*x4*(-0.002*x1 - 0.002*x2 + 4.683)/(x1*x2),0.9999978144094332,0.008800731
2,III.4.32,22.396*x3*x4/(3.573*x1*x2 - 0.012) - 0.467,0.9999977651291192,0.008663467
3,III.4.32,-0.464 + 1.546*x3*x4*(-0.002*x1 - 0.002*x2 + 4.066)/(x1*x2),0.9999977691340776,0.008736833
4,III.4.32,0.932*x3*x4*(0.023*x3 + 0.018*x4 + 27.708)/(4.157*x1*x2 - 0.001*x2**2 - 0.037) - 0.449,0.9999981809221756,0.0080277845
5,III.4.32,-0.429 + (-0.011*x1*x3 - 0.02*x1*x4 - 0.018*x2*x3 - 0.013*x2*x4 + 0.004*x3**2 + 6.29*x3*x4 + 0.005*x4**2 - 0.011)/(x1*x2),0.999998735136658,0.0066559087
6,III.4.32,-0.466 + 1.394*x3*x4*(-0.001*x2 + 0.001*x4 + 4.497)/(x1*x2),0.9999971847825352,0.009686844
7,III.4.32,-0.464 + 1.536*x3*x4*(-0.002*x1 - 0.002*x2 + 4.092)/(x1*x2),0.9999976525056408,0.008830618
8,III.4.32,-0.464 + 1.534*x3*x4*(-0.002*x1 - 0.002*x2 + 4.099)/(x1*x2),0.99999785100716,0.008975243
9,III.4.32,-0.43 + (-0.007*x1*x3 - 0.023*x1*x4 - 0.016*x2*x3 - 0.014*x2*x4 + 6.294*x3*x4 + 0.004*x4**2 - 0.006)/(x1*x2),0.9999987059707096,0.006888684
0,III.4.33,0.002 + (-0.066*x1**2*x2 - 0.081*x1*x2*x4 + 1.02*x1*x3*x4 + 0.985*x3*x4**2 + 0.036)/(1.031*x1 + 0.979*x4 + 0.013),0.999980107312778,0.014576903
1,III.4.33,0.006 + (-0.066*x1**2*x2 - 0.084*x1*x2*x3 + 1.037*x1*x3*x4 + 0.991*x3**2*x4 + 0.018)/(1.049*x1 + 0.983*x3 + 0.02),0.9999790632253832,0.015287175
2,III.4.33,0.005 + (-0.065*x1**2*x2 - 0.079*x1*x2*x4 + 0.993*x1*x3*x4 - 0.002*x2*x4**2 + 1.004*x3*x4**2 + 0.027)/(1.006*x1 + 0.997*x4 + 0.013),0.9999801350927372,0.014734459
3,III.4.33,0.007 + (-0.063*x1**2*x2 - 0.084*x1*x2*x3 + 0.999*x1*x3*x4 + 0.997*x3**2*x4 + 0.013)/(1.01*x1 + 0.988*x3 + 0.019),0.9999790311348572,0.01554281
4,III.4.33,0.051 + (-0.074*x1**2*x2 - 0.069*x1*x2**2 + 1.001*x1*x3*x4 + x2*x3*x4 - 0.315)/(1.014*x1 + 1.016*x2 - 0.058),0.9999760120764568,0.014983866
5,III.4.33,0.036 + (-0.063*x1**2*x2 - 0.085*x1*x2*x3 + 1.016*x1*x3*x4 - 0.067*x1 + 0.985*x3**2*x4 + 0.027)/(1.026*x1 + 0.978*x3 + 0.022),0.9999792581865786,0.0147503195
6,III.4.33,0.005 + (-0.066*x1**2*x2 - 0.084*x1*x2*x3 + 1.036*x1*x3*x4 + 0.992*x3**2*x4 + 0.017)/(1.047*x1 + 0.983*x3 + 0.019),0.9999801368711706,0.013624958
7,III.4.33,0.007 + (-0.063*x1**2*x2 - 0.084*x1*x2*x3 + 0.999*x1*x3*x4 + 0.997*x3**2*x4 + 0.013)/(1.01*x1 + 0.988*x3 + 0.019),0.9999790311348572,0.01554281
8,III.4.33,0.002 + (-0.066*x1**2*x2 - 0.081*x1*x2*x4 + 1.018*x1*x3*x4 + 0.986*x3*x4**2 + 0.038)/(1.029*x1 + 0.979*x4 + 0.013),0.9999789738598588,0.015953947
9,III.4.33,1.585 + (-0.186*x1**2 - 0.805*x1*x2 + 0.986*x1*x3*x4 - 0.182*x2**2 + 0.988*x2*x3*x4 - 2.768)/(0.996*x1 + 1.001*x2 - 0.046),0.9999691845608524,0.019539554
0,III.7.38,12.566*x1*x2/x3,0.9999999978505452,0.0012822008
1,III.7.38,12.563*x1*x2/x3,0.9999998222214412,0.011658993
2,III.7.38,12.56802719529082*x1*x2/x3,0.999999957062542,0.005729628
3,III.7.38,12.564*x1*x2/x3,0.9999999120670292,0.008199916
4,III.7.38,12.564*x1*x2/x3,0.9999999120670292,0.008199916
5,III.7.38,12.566370105025812*x1*x2/x3,0.999999999999988,2.3031234e-06
6,III.7.38,12.569161357601605*x1*x2/x3,0.999999878128496,0.009652839
7,III.7.38,12.566370182273815*x1*x2/x3,0.9999999999999892,2.0551681e-06
8,III.7.38,12.564*x1*x2/x3,0.9999999120670292,0.008199916
9,III.7.38,12.566*x1*x2/x3,0.9999999978505452,0.0012822008
0,III.8.54,-0.419*x1*sin(0.287*x2) + 0.287*x1 + 3.079*sin(1.005*x2) + 0.287*sin(2.129*x2)*sin(5.832*x1 - 2.883*x3 + 0.088) - 0.792*sin(0.287*x1 + 0.287*x3 + 0.287) - 1.879,0.2732988256398703,0.28289175
1,III.8.54,1.296*x1*sin(1.296*x2) - 1.624*x1 - 0.213*sin(1.123*x2)*sin(6.191*x1 - 11.725*x2 + 6.552) - 0.867*sin(0.864*x1 + 1.296*x2 - 0.201) + 1.296,0.2550907715304742,0.28288224
2,III.8.54,-0.286*sin(-6.912*x1 + 0.816*x3 + 4.075) - 0.689*sin(-2.758*x1 + 0.321*x3 + 2.044)*cos(1.015*x1 + 3.224*x2 - 0.321) + 0.179,0.2485032553285099,0.27537662
3,III.8.54,0.283 + (-0.092*x1*x3*sin(1.235*x1 + 5.756*x2 - 6.284) - 0.06*x2*x3*sin(6.082*x1 - 11.338*x2 + 6.227) + 0.27)/(x3*(-0.066*x1 + 0.283*x2 + 0.283)),0.2570969861900088,0.28045753
4,III.8.54,0.101*x1*sin(0.101*x2) + 0.031*x1 + 0.663*sin(3.07*x2)*sin(-0.74*x1 + 0.835*x3 + 4.052) + 0.101*sin(1.12*x1 + 2.289*x3 - 1.859) + 0.101,0.2060198622119317,0.28149885
5,III.8.54,(-1.4*x1 + 0.083*x3 + 1.185)*cos(2.034*x2)/(1.293*x1 - 0.05*x3 - 1.165) - 0.414,0.1856380273508669,0.2900572
6,III.8.54,1.354*x1*sin(1.354*x2) - 1.629*x1 - 0.213*sin(1.164*x2)*sin(6.124*x1 - 11.79*x2 + 6.75) - 1.069*sin(0.705*x1 + 1.354*x2 - 0.082) + 1.354,0.2532211483423546,0.28376168
7,III.8.54,0.298 + (3.826*x1*x2*cos(3.826*x1 + 3.826*x2 + 3.826) + 3.826*x1*x3*cos(3.826*x1 + 3.826*x2 - 0.141) + 3.372*x2**2*cos(3.826*x1 + 6.384*x2 + 3.826) + 2.534*x2*x3*cos(-5.265*x1 + 11.176*x2 + 3.826) + 8.94)/(0.298*x2 + 16.822*x3 + 3.826),0.2572801131507212,0.27827433
8,III.8.54,-0.928 + (5.649*x1*x3*cos(0.928*x2) - 24.529*x1*cos(2.029*x2) - 0.928*x3**2*cos(3.785*x2) - 11.315*x3*cos(0.928*x2) - 0.72*x3 + 2.316)/(15.682*x1 - 1.3*x3 - 0.928),0.2260336127950081,0.27904022
9,III.8.54,(19.15*x3*cos(0.533*cos(1.095*x2)) - 18.765*x3 + 17.402*cos(0.533*cos(2.112*x2)) - 15.986)*cos(2.38*x1 + 1.967*x2 - 2.09) + 0.533,0.2186164541050861,0.27753946
0,III.9.52,9.539*x1 - 4.937*x4 + 6.35*x5*x6 - 17.721*x5 - 18.545*x6 + 56.852,0.650035688800755,5.8301415
1,III.9.52,3.183*x1*x5*x6 - 8.833*x1*x5 - 9.285*x1*x6 + 35.097*x1 - 4.501,0.6578710604293581,5.5974183
2,III.9.52,1.096*x1*x2*x5 - 0.479*x1*x5**2 + 0.687*x1*x5*x6 + 1.215*x2*sin(1.867*x6) - 8.476*x5*sin(0.955*x6) + 9.922*x6*sin(1.048*x6) + 10.644,0.6811540844603239,5.7123394
3,III.9.52,3.34*x1*x2 + 1.295*x1*x3 + 6.758*x5*x6 - 18.646*x5 - 19.909*x6 + 50.342,0.655353282195283,5.9058886
4,III.9.52,0.874*x1*(-3.52*x5*sin(0.867*x5) - 5.72*x5*sin(0.976*x6) + 16.634*sin(0.674*x5) + 17.212*sin(0.944*x6) - 2.032) - 2.032,0.6768255590387615,5.44745
5,III.9.52,1.1*x1*x2*x5 - 0.491*x1*x5**2 + 0.699*x1*x5*x6 + 1.257*x2*sin(1.873*x6) - 8.413*x5*sin(0.958*x6) + 9.936*x6*sin(1.05*x6) + 10.562,0.6811402773044912,5.7123547
6,III.9.52,3.181*x1*x5*x6 - 8.828*x1*x5 - 9.28*x1*x6 + 35.078*x1 - 4.493,0.6578705439592663,5.596437
7,III.9.52,1.252*x1**2*x2 + 0.19*x1**2 + 6.767*x5*x6 - 18.608*x5 - 19.833*x6 + 57.049,0.6784174648030016,5.4934754
8,III.9.52,3.181*x1*x5*x6 - 8.828*x1*x5 - 9.28*x1*x6 + 35.084*x1 - 4.506,0.6578705165301366,5.5963526
9,III.9.52,3.182*x1*x5*x6 - 8.83*x1*x5 - 9.282*x1*x6 + 35.085*x1 - 4.498,0.6578709904832059,5.596935
0,III.10.19,-0.024*x1**2 + 0.701*x1*x2 + 0.543*x1*x3 + 0.61*x1*x4 + 0.104*x1/x2 + 0.016*x2*x4 - 0.067*x3*x4 - 0.825 + 0.884*x3/x2,0.9953570503358256,0.36780968
1,III.10.19,-0.033*x1**2 + 0.712*x1*x2 + 0.717*x1*x3 + 0.491*x1*x4 + 0.341*x1*cos(0.959*x2) + 0.106*x2*x4 - 0.131*x3*x4 + 0.717*x4*cos(0.35*x2) - 0.874,0.9950146434977702,0.37522018
2,III.10.19,-0.024*x1**2 + 0.701*x1*x2 + 0.543*x1*x3 + 0.61*x1*x4 + 0.104*x1/x2 + 0.016*x2*x4 - 0.067*x3*x4 - 0.825 + 0.884*x3/x2,0.9953570503358256,0.36780968
3,III.10.19,-0.109*x1**2 + 0.556*x1*x2 + 0.716*x1*x3 + 0.679*x1*x4 + 0.566*x1/x4 - 0.13*x2*x3 + 0.059*x2*x4 + 0.686*x2/x4 - 0.949,0.9955742016555104,0.37165815
4,III.10.19,0.428 + (0.109*x1**2*x2 + 0.348*x1**2*x3 + 0.283*x1**2*x4 + 0.959*x1*x2**2 + 0.428*x1*x2*x3 + 0.428*x1*x2*x4 - 1.608*x2 + 0.329*x3 + 0.464*x4 + 0.428)/(0.428*x1 + 1.038*x2 - 0.097),0.9962960108944168,0.30324936
5,III.10.19,0.701 + (0.701*x1*x2**2 + 0.728*x1*x2*x3 + 0.297*x1*x2*x4 + 1.056*x1*x3**2 + 0.701*x1*x3*x4 - 0.783*x2 - 0.993*x3 + 0.701*x4 - 1.489)/(0.729*x2 + 1.329*x3 - 0.303),0.9974699320235992,0.24825901
6,III.10.19,-0.075*x1**2 + 0.583*x1*x2 + 0.749*x1*x3 + 0.591*x1*x4 + 0.104*x1 - 0.167*x2*x3 - 0.033*x2*x4 + 0.595*x2 - 0.51,0.9939866096128028,0.42420226
7,III.10.19,-0.109*x1**2 + 0.556*x1*x2 + 0.716*x1*x3 + 0.679*x1*x4 + 0.571*x1/x4 - 0.13*x2*x3 + 0.059*x2*x4 + 0.683*x2/x4 - 0.95,0.9955736861463904,0.3718403
8,III.10.19,-0.019*x1**2 + 0.744*x1*x2 + 0.504*x1*x3 + 0.559*x1*x4 + 0.41*x1/x2 - 1.132 + 0.681*x3/x2 + 0.055*x4/x2,0.9948771836797672,0.3753458
9,III.10.19,-0.056*x1**2 + 0.524*x1*x2 + 0.756*x1*x3 + 0.439*x1*x4 + 0.514*x1*log(1.12*x4) - 0.169*x2*x3 + 0.378*x2*x4 - 1.259*x2*log(0.514*x4) - 0.872,0.9945751610276328,0.3935619
0,III.12.43,0.159*x1*x2,0.9999960186224304,0.001351991
1,III.12.43,0.159*x1*x2,0.9999960186224304,0.001351991
2,III.12.43,0.159*x1*x2,0.9999960186224304,0.001351991
3,III.12.43,0.159*x1*x2,0.9999960186224304,0.001351991
4,III.12.43,0.159*x1*x2,0.9999960186224304,0.001351991
5,III.12.43,0.159*x1*x2,0.9999960186224304,0.001351991
6,III.12.43,0.159*x1*x2,0.9999960186224304,0.001351991
7,III.12.43,0.159*x1*x2,0.9999960186224304,0.001351991
8,III.12.43,0.159*x1*x2,0.9999960186224304,0.001351991
9,III.12.43,0.159*x1*x2,0.9999960186224304,0.001351991
0,III.13.18,12.566369856849604*x1*x2**2*x3/x4,0.9999999999999868,3.2520293e-05
1,III.13.18,12.56671558643593*x1*x2**2*x3/x4,0.9999999987048352,0.012194977
2,III.13.18,12.565*x1*x2**2*x3/x4,0.9999999795470804,0.048472136
3,III.13.18,12.56674728486632*x1*x2**2*x3/x4,0.9999999984559068,0.013314553
4,III.13.18,12.56650538912954*x1*x2**2*x3/x4,0.9999999998025236,0.0047598267
5,III.13.18,12.5679931640625*x1*x2**2*x3/x4,0.9999999713372778,0.057373904
6,III.13.18,12.56671558643593*x1*x2**2*x3/x4,0.9999999987048352,0.012194977
7,III.13.18,12.566*x1*x2**2*x3/x4,0.9999999985035152,0.013110867
8,III.13.18,12.566372634122191*x1*x2**2*x3/x4,0.9999999999999478,6.866455e-05
9,III.13.18,12.56626848445699*x1*x2**2*x3/x4,0.9999999998864224,0.0036162566
0,III.14.14,2.612 + (53.3664*x4*cos(1.838*x5) + 87.78315)*(0.217*x1 + 0.758*x3 - 1)**2*log(0.941*x2)/x4,0.9101627480737472,1.7238784
1,III.14.14,2.612 + (53.3664*x4*cos(1.838*x5) + 87.78315)*(0.217*x1 + 0.758*x3 - 1)**2*log(0.941*x2)/x4,0.9101627480737472,1.7238784
2,III.14.14,1.86 + 34.593*(0.197*x1 + 0.748*x3 - 1)**2*(1.202*x2*x4*cos(1.827*x5) + 2.021*x2 - 1.31*x4*cos(1.86*x5) - 2.138)/x4,0.9273420901917409,1.5202359
3,III.14.14,1.247*x1*x2**2*x3*x4*x5 - 2.791*x1*x2**2*x3*x4 - 2.681*x1*x2**2*x3*x5 + 6.064*x1*x2**2*x3 + 1.739*x2**2*x3**2*x4*x5 - 2.822*x2**2*x3**2*x4 - 3.137*x2**2*x3**2*x5 + 5.436*x2**2*x3**2 - 1.983,0.9027936256985404,1.8890166
4,III.14.14,0.477*x1*x2*(-0.768*x1*x4*x5 + 0.389*x1 - 5.995*x3*x4*x5 + 19.245*x3 + 6.859*x4**2*x5 - 20.599*x4 + 10.513)/x5 - 4.543,0.919452070419741,1.5083715
5,III.14.14,2.612 + (53.3664*x4*cos(1.838*x5) + 87.78315)*(0.217*x1 + 0.758*x3 - 1)**2*log(0.941*x2)/x4,0.9101627480737472,1.7238784
6,III.14.14,2.612 + (53.3664*x4*cos(1.838*x5) + 87.78315)*(0.217*x1 + 0.758*x3 - 1)**2*log(0.941*x2)/x4,0.9101627480737472,1.7238784
7,III.14.14,2.612 + (53.3664*x4*cos(1.838*x5) + 87.78315)*(0.217*x1 + 0.758*x3 - 1)**2*log(0.941*x2)/x4,0.9101627480737472,1.7238784
8,III.14.14,2.612 + (53.3664*x4*cos(1.838*x5) + 87.78315)*(0.217*x1 + 0.758*x3 - 1)**2*log(0.941*x2)/x4,0.9101627480737472,1.7238784
9,III.14.14,1.86 + 34.593*(0.197*x1 + 0.748*x3 - 1)**2*(1.202*x2*x4*cos(1.827*x5) + 2.021*x2 - 1.31*x4*cos(1.86*x5) - 2.138)/x4,0.9273420901917409,1.5202359
0,III.15.12,1.451 + (2.503*x1*x2*cos(2.303*x2 + 3.072*x3 - 4.003) + 2.073*x1*x2 + 1.451*x1*x3*cos(1.451*x2 + 4.977*x3 + 1.451) + 1.451*x1*x3 + 1.951)/(1.57*x2 + 1.655*x3 - 2.485),0.6683400544706581,2.2036803
1,III.15.12,(-1.161*x1*x3 + 6.623*x1 - 0.958*x3**2 + 6.9*x3 - 14.751)*cos(1.774*sin(1.096*x2 + 1.279*x3 - 1.182)) + 3.84,0.6171981789703347,2.3611822
2,III.15.12,-2.0*x1*cos(x2*x3) + 2.0*x1,0.9999999999997408,1.4102843e-06
3,III.15.12,2.116 + (3.378*x1*x2 + 2.116*x1 + 2.116*x2*sin(2.116*x2 + 4.706*x3 - 11.469) - 4.632*x2 + 20.322*sin(2.116*x2 + 2.943*x3 - 7.737) + 2.996)/(1.062*x2 + 2.116*x3 - 2.053),0.6010884592126833,2.439808
4,III.15.12,1.03*x1*cos(2.086*x2 + 1.965*x3 - 0.769) + 2.086*x1 + 3.249*sin(0.59*x2 + 0.515*x3 + 7.326) + 2.086*sin(2.496*x2 + 3.607*x3 + 2.086) + 2.086,0.6389535184836818,2.2395947
5,III.15.12,-2.0*x1*cos(x2*x3) + 2.0*x1,0.9999999999997408,1.4102843e-06
6,III.15.12,4.52 + (-9.933*x1*sin(2.26*x2 + 2.419*x3 - 3.799) + 4.52*x1 + 4.52*x2*sin(2.55*x2 + 4.52*x3 - 7.121) - 2.97*x2 + 4.52)/(-0.153*x2 + 4.52*x3 - 2.419),0.6251077956195189,2.37583
7,III.15.12,-1.104*x1*cos(2.081*sin(2.081*x2 + 1.212*x3 - 5.129)) + 2.081*x1 - 0.715*x3 + 3.295*sin(2.081*x2 + 2.92*x3 - 1.15) + 2.081*cos(2.03*sin(2.081*x2 + 2.081*x3 - 0.671)) + 2.081,0.677924862349478,2.1211193
8,III.15.12,4.52 + (-9.933*x1*sin(2.26*x2 + 2.419*x3 - 3.799) + 4.52*x1 + 4.52*x2*sin(2.55*x2 + 4.52*x3 - 7.121) - 2.97*x2 + 4.52)/(-0.153*x2 + 4.52*x3 - 2.419),0.6251077956195189,2.37583
9,III.15.12,0.951*x1*(-0.393*x2 + 6.577*sin(0.461*x2*(0.369*x2 + 2.186*x3 - 2.444)) + 7.351)/(-0.143*x2 + 0.04*x3 + 3.62) + 0.951,0.9548291740029994,0.7572648
0,III.15.14,0.012671*x1**2/(x2*x3**2),0.9999996696078628,3.837243e-06
1,III.15.14,(0.362*x1 - 0.018*x3 - 0.266*log(1.754*x1) - 0.114)/(x2*x3*(-0.716*x1 + 3.542*x3 + 3.359)),0.9994410163595364,0.00019576354
2,III.15.14,-0.001 + 0.634*log(1.136*x1)/(-1.701*x1*x2 - 2.714*x1*x3 - 0.286*x2**2 + 12.87*x2*x3 + 4.468*x3**2 + 3.56),0.994539395147356,0.0006851449
3,III.15.14,0.572*log(0.966*x1)/(x2*x3**2*(-1.199*x1 + 0.019*x2 + 8.661)),0.99842902370648,0.00029107515
4,III.15.14,(1.096*x1 - 0.963)/(x3*(-1.283*x1**2 + 0.169*x1*x2 - 0.031*x1*x3 + 16.498*x2*x3 + 21.107)),0.9976642411363372,0.0004246391
5,III.15.14,0.01279*x1**2/(x2*x3**2),0.999849594810295,8.1868835e-05
6,III.15.14,1.55*x1**2*sin(1/(0.558*x1 + 1.247*x3 + 22.447))/(x2*(-0.165*x1**2 + 0.728*x1*x3 + 3.467*x3**2 + 0.798)),0.9993941515342252,0.00020988433
7,III.15.14,1.507*log(0.98*x1)/(x2*x3*(-4.712*x1 + 9.611*x3 + 19.65)),0.9931023837538836,0.0007387458
8,III.15.14,0.01266765556276932*x1**2/(x2*x3**2),0.9999999393489314,1.6441822e-06
9,III.15.14,(0.105*x1 - 0.014*x3 - 0.069)/(x2*x3*(-0.437*x1 + 1.458*x3 + 2.0)),0.998640837426912,0.0003108397
0,III.15.27,6.283*x1/(x2*x3),0.9999999977160334,8.027226e-05
1,III.15.27,6.283*x1/(x2*x3),0.9999999977160334,8.027226e-05
2,III.15.27,6.283*x1/(x2*x3),0.9999999977160334,8.027226e-05
3,III.15.27,6.2830847756227173*x1/(x2*x3),0.9999999993273354,4.3542685e-05
4,III.15.27,6.282552660949005*x1/(x2*x3),0.9999999733873772,0.00027403652
5,III.15.27,6.283*x1/(x2*x3),0.9999999977160334,8.027226e-05
6,III.15.27,6.283186221122004*x1/(x2*x3),0.9999999999999406,3.9488077e-07
7,III.15.27,6.283*x1/(x2*x3),0.9999999977160334,8.027226e-05
8,III.15.27,x1*(6.188*x2 + 6.275*x3 - 1.118)/(x2*x3*(0.985*x2 + 0.999*x3 - 0.178)),0.9999998658916276,0.0006102288
9,III.15.27,0.999*x1*(5.957*x2 + 6.264*x3 + 0.594)/(x2*x3*(0.947*x2 + 0.996*x3 + 0.094)),0.9999999392570498,0.00036638736
0,III.17.37,1.026*x1*(0.974*x2*cos(x3) + 0.974),0.999999501784238,0.0026995786
1,III.17.37,1.021*x1*(0.98*x2*cos(x3) + 0.98),0.9999996333450588,0.0023158616
2,III.17.37,1.039*x1*(0.962*x2*cos(x3) + 0.962),0.9999997466874236,0.0019249276
3,III.17.37,0.97*x1*(1.031*x2*cos(x3) + 1.031),0.9999999946665552,0.00027931025
4,III.17.37,0.996*x1*(1.004*x2*cos(x3) + 1.004),0.9999999997193996,6.407954e-05
5,III.17.37,1.023*x1*(0.978*x2*cos(x3) + 0.978),0.9999997340180072,0.0019724607
6,III.17.37,1.026*x1*(0.974*x2*cos(x3) + 0.974),0.999999501784238,0.0026995786
7,III.17.37,1.008*x1*(0.992*x2*cos(x3) + 0.992),0.999999995528411,0.00025575812
8,III.17.37,x1*(x2*cos(x3) + 1.0),0.999999999999966,5.158223e-07
9,III.17.37,1.014*x1*(0.987*x2*cos(x3) + 0.987),0.9999992706636928,0.003266244
0,III.19.51,-0.003 + (-0.062*x1*x2 - 0.061*x2*x5 + 0.383)/((0.108*x1 + 2.029*x5 - 2.25)*log(1.018*x4)),0.9861009583260129,0.24573608
1,III.19.51,-447.471*x2/((-25.154*x1 + 3005.091*x5 - 2400.26)*log(1.019*x4)) + 0.108,0.98325712065314,0.27311367
2,III.19.51,-0.03 + (0.396*x5 - 1.638)/(x5*log(0.987*x4)),0.9660401416534088,0.4108836
3,III.19.51,-33.295*x2/((-2.295*x1 + 263.438*x5 - 218.507)*log(1.016*x4)) + 0.065,0.983408971317482,0.2667602
4,III.19.51,-0.484*x2/(x5*log(1.01*x4)) + 0.384,0.9725906035987052,0.38156494
5,III.19.51,-0.003 + (-0.062*x1*x2 - 0.061*x2*x5 + 0.383)/((0.108*x1 + 2.029*x5 - 2.25)*log(1.018*x4)),0.9861009583260129,0.24573608
6,III.19.51,-0.947*x2/((-0.046*x1 + 7.663*x5 - 6.473)*log(1.015*x4)) + 0.063,0.9833865640987892,0.2673179
7,III.19.51,-0.003 + (-0.062*x1*x2 - 0.061*x2*x5 + 0.383)/((0.108*x1 + 2.029*x5 - 2.25)*log(1.018*x4)),0.9861009583260129,0.24573608
8,III.19.51,0.187 + 1.0/(-0.396*x4*x5 + 0.44),0.974570220021002,0.36280274
9,III.19.51,-33.295*x2/((-2.295*x1 + 263.438*x5 - 218.507)*log(1.016*x4)) + 0.065,0.983408971317482,0.2667602
0,III.21.20,-1.0000000141758507*x1*x2*x3/x4,0.999999999999994,3.85046e-07
1,III.21.20,-1.000121472709196*x1*x2*x3/x4,0.9999999686987322,0.0012422061
2,III.21.20,-1.000121472709196*x1*x2*x3/x4,0.9999999686987322,0.0012422061
3,III.21.20,-1.0000000123865485*x1*x2*x3/x4,0.999999999999994,3.8027764e-07
4,III.21.20,-1.0003424616010205*x1*x2*x3/x4,0.9999997511861732,0.0035023112
5,III.21.20,-0.999999991844327*x1*x2*x3/x4,0.9999999999999956,3.6478042e-07
6,III.21.20,-0.999999991844327*x1*x2*x3/x4,0.9999999999999956,3.6478042e-07
7,III.21.20,-0.999999991844327*x1*x2*x3/x4,0.9999999999999956,3.6478042e-07
8,III.21.20,-x1*x2*x3/x4,0.999999999999994,4.208088e-07
9,III.21.20,-x1*x2*x3/x4,0.999999999999994,4.208088e-07
